chembl_id,name,smiles,mechanism,phase
CHEMBL1000000,Analog_0,CC1=C(C=C(C=C1)NC(=O)C2=CC=C(C=C2)CN3CCN(CC3)C)NC4=NC=CC(=N4)C5=CN=CC=C5,Kinase Inhibitor,4
CHEMBL1000001,Analog_1,COC1=C(C=C2C(=C1)N(C=N2)C3CCN(CC3)C(=O)C=C)NC4=CC(=C(C=C4)F)Cl,Kinase Inhibitor,4
CHEMBL1000002,Analog_2,CS(=O)(=O)CCNHCC1=CC=C(C=C1)C2=NC(=C(N2)C3=C4C=CNC4=NC=N3)C5=C(C=CC(=C5)O)O,Kinase Inhibitor,4
CHEMBL1000003,Analog_3,COCCOC1=C(C=C2C(=C1)N(C=N2)C3=CC(=C(C=C3)C#C)NC(=O)C=C)OC,Kinase Inhibitor,4
CHEMBL1000004,Analog_4,CN1CCN(CC1)CC2=CC3=C(C=C2)N=CN=C3NC4=CC(=C(C=C4)F)Cl,Kinase Inhibitor,4
CHEMBL1000005,Analog_5,CC(C)C1=NC(=C(N1)C2=NC=NC3=CC=C(C=C32)OC)C4=CC=C(C=C4)NC(=O)NC5=CC=C(C=C5)C(F)(F)F,Kinase Inhibitor,4
CHEMBL1000006,Analog_6,CN(C)C(=O)C1=CC=C(C=C1)NC(=O)C2=CC=C(C=C2)NC3=NC=CC(=N3)C4=CN=CC=C4,Kinase Inhibitor,4
CHEMBL1000007,Analog_7,CC1=C(C(=CC=C1)Cl)NC(=O)C2=CN=C(S2)NC3=CC(=NC(=N3)C)N4CCN(CC4)CCO,Kinase Inhibitor,4
CHEMBL1000008,Analog_8,CC1=CC2=C(C=C1)N=C(C3=CC=C(C=C3)S(=O)(=O)NC(C)C)N(N2)C4=CC=CC=C4,Kinase Inhibitor,4
CHEMBL1000009,Analog_9,CN1CCN(CC1)C2=CC=C(C=C2)NC3=NC=CC(=N3)C4=C(C5=C(C=CC=C5)N4)C6=CC=CC=C6,Kinase Inhibitor,4
CHEMBL1000010,Analog_10,C1CC(C1)C2=CC(=C(C=C2)C3=C(C=C4C(=N3)C=CN4)C5=CC(=CC=C5)NS(=O)(=O)C)F,Kinase Inhibitor,4
CHEMBL1000011,Analog_11,CC(C)(C)C1=NC(=C(S1)C2=CC(=NC(=N2)C3=CC=CC(=C3)F)C4=CC(=CC=C4)NS(=O)(=O)C)C5=CC=CC=C5,Kinase Inhibitor,4
CHEMBL1000012,Analog_12,CC1=C(C=C(C=C1)F)C(=O)NC2=CC=C(C=C2)C3=C(C=C4C(=N3)C=CN4)C5=CC(=CC=C5)S(=O)(=O)N,Kinase Inhibitor,4
CHEMBL1000013,Analog_13,CC1=C(C=C(C=C1)NC(=O)C2=CC=C(C=C2)CN3CCN(CC3)C)NC4=NC=CC(=N4)C5=CN=CC=C5C,Kinase Inhibitor,4
CHEMBL1000014,Analog_14,COC1=C(C=C2C(=C1)N(C=N2)C3CCN(CC3)C(=O)C=C)NC4=CC(=C(C=C4)F)ClC,Kinase Inhibitor,4
CHEMBL1000015,Analog_15,CS(=O)(=O)CCNHCC1=CC=C(C=C1)C2=NC(=C(N2)C3=C4C=CNC4=NC=N3)C5=C(C=CC(=C5)O)OC,Kinase Inhibitor,4
CHEMBL1000016,Analog_16,COCCOC1=C(C=C2C(=C1)N(C=N2)C3=CC(=C(C=C3)C#C)NC(=O)C=C)OCC,Kinase Inhibitor,4
CHEMBL1000017,Analog_17,CN1CCN(CC1)CC2=CC3=C(C=C2)N=CN=C3NC4=CC(=C(C=C4)F)ClC,Kinase Inhibitor,4
CHEMBL1000018,Analog_18,CC(C)C1=NC(=C(N1)C2=NC=NC3=CC=C(C=C32)OC)C4=CC=C(C=C4)NC(=O)NC5=CC=C(C=C5)C(F)(F)FC,Kinase Inhibitor,4
CHEMBL1000019,Analog_19,CN(C)C(=O)C1=CC=C(C=C1)NC(=O)C2=CC=C(C=C2)NC3=NC=CC(=N3)C4=CN=CC=C4C,Kinase Inhibitor,4
CHEMBL1000020,Analog_20,CC1=C(C(=CC=C1)Cl)NC(=O)C2=CN=C(S2)NC3=CC(=NC(=N3)C)N4CCN(CC4)CCOC,Kinase Inhibitor,4
CHEMBL1000021,Analog_21,CC1=CC2=C(C=C1)N=C(C3=CC=C(C=C3)S(=O)(=O)NC(C)C)N(N2)C4=CC=CC=C4C,Kinase Inhibitor,4
CHEMBL1000022,Analog_22,CN1CCN(CC1)C2=CC=C(C=C2)NC3=NC=CC(=N3)C4=C(C5=C(C=CC=C5)N4)C6=CC=CC=C6C,Kinase Inhibitor,4
CHEMBL1000023,Analog_23,C1CC(C1)C2=CC(=C(C=C2)C3=C(C=C4C(=N3)C=CN4)C5=CC(=CC=C5)NS(=O)(=O)C)FC,Kinase Inhibitor,4
CHEMBL1000024,Analog_24,CC(C)(C)C1=NC(=C(S1)C2=CC(=NC(=N2)C3=CC=CC(=C3)F)C4=CC(=CC=C4)NS(=O)(=O)C)C5=CC=CC=C5C,Kinase Inhibitor,4
CHEMBL1000025,Analog_25,CC1=C(C=C(C=C1)F)C(=O)NC2=CC=C(C=C2)C3=C(C=C4C(=N3)C=CN4)C5=CC(=CC=C5)S(=O)(=O)NC,Kinase Inhibitor,4
CHEMBL1000026,Analog_26,CC1=C(C=C(C=C1)NC(=O)C2=CC=C(C=C2)CN3CCN(CC3)C)NC4=NC=CC(=N4)C5=CN=CC=C5CC,Kinase Inhibitor,4
CHEMBL1000027,Analog_27,COC1=C(C=C2C(=C1)N(C=N2)C3CCN(CC3)C(=O)C=C)NC4=CC(=C(C=C4)F)ClCC,Kinase Inhibitor,4
CHEMBL1000028,Analog_28,CS(=O)(=O)CCNHCC1=CC=C(C=C1)C2=NC(=C(N2)C3=C4C=CNC4=NC=N3)C5=C(C=CC(=C5)O)OCC,Kinase Inhibitor,4
CHEMBL1000029,Analog_29,COCCOC1=C(C=C2C(=C1)N(C=N2)C3=CC(=C(C=C3)C#C)NC(=O)C=C)OCCC,Kinase Inhibitor,4
CHEMBL1000030,Analog_30,CN1CCN(CC1)CC2=CC3=C(C=C2)N=CN=C3NC4=CC(=C(C=C4)F)ClCC,Kinase Inhibitor,4
CHEMBL1000031,Analog_31,CC(C)C1=NC(=C(N1)C2=NC=NC3=CC=C(C=C32)OC)C4=CC=C(C=C4)NC(=O)NC5=CC=C(C=C5)C(F)(F)FCC,Kinase Inhibitor,4
CHEMBL1000032,Analog_32,CN(C)C(=O)C1=CC=C(C=C1)NC(=O)C2=CC=C(C=C2)NC3=NC=CC(=N3)C4=CN=CC=C4CC,Kinase Inhibitor,4
CHEMBL1000033,Analog_33,CC1=C(C(=CC=C1)Cl)NC(=O)C2=CN=C(S2)NC3=CC(=NC(=N3)C)N4CCN(CC4)CCOCC,Kinase Inhibitor,4
CHEMBL1000034,Analog_34,CC1=CC2=C(C=C1)N=C(C3=CC=C(C=C3)S(=O)(=O)NC(C)C)N(N2)C4=CC=CC=C4CC,Kinase Inhibitor,4
CHEMBL1000035,Analog_35,CN1CCN(CC1)C2=CC=C(C=C2)NC3=NC=CC(=N3)C4=C(C5=C(C=CC=C5)N4)C6=CC=CC=C6CC,Kinase Inhibitor,4
CHEMBL1000036,Analog_36,C1CC(C1)C2=CC(=C(C=C2)C3=C(C=C4C(=N3)C=CN4)C5=CC(=CC=C5)NS(=O)(=O)C)FCC,Kinase Inhibitor,4
CHEMBL1000037,Analog_37,CC(C)(C)C1=NC(=C(S1)C2=CC(=NC(=N2)C3=CC=CC(=C3)F)C4=CC(=CC=C4)NS(=O)(=O)C)C5=CC=CC=C5CC,Kinase Inhibitor,4
CHEMBL1000038,Analog_38,CC1=C(C=C(C=C1)F)C(=O)NC2=CC=C(C=C2)C3=C(C=C4C(=N3)C=CN4)C5=CC(=CC=C5)S(=O)(=O)NCC,Kinase Inhibitor,4
CHEMBL1000039,Analog_39,CC1=C(C=C(C=C1)NC(=O)C2=CC=C(C=C2)CN3CCN(CC3)C)NC4=NC=CC(=N4)C5=CN=CC=C5CCC,Kinase Inhibitor,4
CHEMBL1000040,Analog_40,COC1=C(C=C2C(=C1)N(C=N2)C3CCN(CC3)C(=O)C=C)NC4=CC(=C(C=C4)F)ClCCC,Kinase Inhibitor,4
CHEMBL1000041,Analog_41,CS(=O)(=O)CCNHCC1=CC=C(C=C1)C2=NC(=C(N2)C3=C4C=CNC4=NC=N3)C5=C(C=CC(=C5)O)OCCC,Kinase Inhibitor,4
CHEMBL1000042,Analog_42,COCCOC1=C(C=C2C(=C1)N(C=N2)C3=CC(=C(C=C3)C#C)NC(=O)C=C)OCCCC,Kinase Inhibitor,4
CHEMBL1000043,Analog_43,CN1CCN(CC1)CC2=CC3=C(C=C2)N=CN=C3NC4=CC(=C(C=C4)F)ClCCC,Kinase Inhibitor,4
CHEMBL1000044,Analog_44,CC(C)C1=NC(=C(N1)C2=NC=NC3=CC=C(C=C32)OC)C4=CC=C(C=C4)NC(=O)NC5=CC=C(C=C5)C(F)(F)FCCC,Kinase Inhibitor,4
CHEMBL1000045,Analog_45,CN(C)C(=O)C1=CC=C(C=C1)NC(=O)C2=CC=C(C=C2)NC3=NC=CC(=N3)C4=CN=CC=C4CCC,Kinase Inhibitor,4
CHEMBL1000046,Analog_46,CC1=C(C(=CC=C1)Cl)NC(=O)C2=CN=C(S2)NC3=CC(=NC(=N3)C)N4CCN(CC4)CCOCCC,Kinase Inhibitor,4
CHEMBL1000047,Analog_47,CC1=CC2=C(C=C1)N=C(C3=CC=C(C=C3)S(=O)(=O)NC(C)C)N(N2)C4=CC=CC=C4CCC,Kinase Inhibitor,4
CHEMBL1000048,Analog_48,CN1CCN(CC1)C2=CC=C(C=C2)NC3=NC=CC(=N3)C4=C(C5=C(C=CC=C5)N4)C6=CC=CC=C6CCC,Kinase Inhibitor,4
CHEMBL1000049,Analog_49,C1CC(C1)C2=CC(=C(C=C2)C3=C(C=C4C(=N3)C=CN4)C5=CC(=CC=C5)NS(=O)(=O)C)FCCC,Kinase Inhibitor,4
CHEMBL1000050,Analog_50,CC(C)(C)C1=NC(=C(S1)C2=CC(=NC(=N2)C3=CC=CC(=C3)F)C4=CC(=CC=C4)NS(=O)(=O)C)C5=CC=CC=C5CCC,Kinase Inhibitor,4
CHEMBL1000051,Analog_51,CC1=C(C=C(C=C1)F)C(=O)NC2=CC=C(C=C2)C3=C(C=C4C(=N3)C=CN4)C5=CC(=CC=C5)S(=O)(=O)NCCC,Kinase Inhibitor,4
CHEMBL1000052,Analog_52,CC1=C(C=C(C=C1)NC(=O)C2=CC=C(C=C2)CN3CCN(CC3)C)NC4=NC=CC(=N4)C5=CN=CC=C5CCCC,Kinase Inhibitor,4
CHEMBL1000053,Analog_53,COC1=C(C=C2C(=C1)N(C=N2)C3CCN(CC3)C(=O)C=C)NC4=CC(=C(C=C4)F)ClCCCC,Kinase Inhibitor,4
CHEMBL1000054,Analog_54,CS(=O)(=O)CCNHCC1=CC=C(C=C1)C2=NC(=C(N2)C3=C4C=CNC4=NC=N3)C5=C(C=CC(=C5)O)OCCCC,Kinase Inhibitor,4
CHEMBL1000055,Analog_55,COCCOC1=C(C=C2C(=C1)N(C=N2)C3=CC(=C(C=C3)C#C)NC(=O)C=C)OCCCCC,Kinase Inhibitor,4
CHEMBL1000056,Analog_56,CN1CCN(CC1)CC2=CC3=C(C=C2)N=CN=C3NC4=CC(=C(C=C4)F)ClCCCC,Kinase Inhibitor,4
CHEMBL1000057,Analog_57,CC(C)C1=NC(=C(N1)C2=NC=NC3=CC=C(C=C32)OC)C4=CC=C(C=C4)NC(=O)NC5=CC=C(C=C5)C(F)(F)FCCCC,Kinase Inhibitor,4
CHEMBL1000058,Analog_58,CN(C)C(=O)C1=CC=C(C=C1)NC(=O)C2=CC=C(C=C2)NC3=NC=CC(=N3)C4=CN=CC=C4CCCC,Kinase Inhibitor,4
CHEMBL1000059,Analog_59,CC1=C(C(=CC=C1)Cl)NC(=O)C2=CN=C(S2)NC3=CC(=NC(=N3)C)N4CCN(CC4)CCOCCCC,Kinase Inhibitor,4
CHEMBL1000060,Analog_60,CC1=CC2=C(C=C1)N=C(C3=CC=C(C=C3)S(=O)(=O)NC(C)C)N(N2)C4=CC=CC=C4CCCC,Kinase Inhibitor,4
CHEMBL1000061,Analog_61,CN1CCN(CC1)C2=CC=C(C=C2)NC3=NC=CC(=N3)C4=C(C5=C(C=CC=C5)N4)C6=CC=CC=C6CCCC,Kinase Inhibitor,4
CHEMBL1000062,Analog_62,C1CC(C1)C2=CC(=C(C=C2)C3=C(C=C4C(=N3)C=CN4)C5=CC(=CC=C5)NS(=O)(=O)C)FCCCC,Kinase Inhibitor,4
CHEMBL1000063,Analog_63,CC(C)(C)C1=NC(=C(S1)C2=CC(=NC(=N2)C3=CC=CC(=C3)F)C4=CC(=CC=C4)NS(=O)(=O)C)C5=CC=CC=C5CCCC,Kinase Inhibitor,4
CHEMBL1000064,Analog_64,CC1=C(C=C(C=C1)F)C(=O)NC2=CC=C(C=C2)C3=C(C=C4C(=N3)C=CN4)C5=CC(=CC=C5)S(=O)(=O)NCCCC,Kinase Inhibitor,4
CHEMBL1000065,Analog_65,CC1=C(C=C(C=C1)NC(=O)C2=CC=C(C=C2)CN3CCN(CC3)C)NC4=NC=CC(=N4)C5=CN=CC=C5,Kinase Inhibitor,4
CHEMBL1000066,Analog_66,COC1=C(C=C2C(=C1)N(C=N2)C3CCN(CC3)C(=O)C=C)NC4=CC(=C(C=C4)F)Cl,Kinase Inhibitor,4
CHEMBL1000067,Analog_67,CS(=O)(=O)CCNHCC1=CC=C(C=C1)C2=NC(=C(N2)C3=C4C=CNC4=NC=N3)C5=C(C=CC(=C5)O)O,Kinase Inhibitor,4
CHEMBL1000068,Analog_68,COCCOC1=C(C=C2C(=C1)N(C=N2)C3=CC(=C(C=C3)C#C)NC(=O)C=C)OC,Kinase Inhibitor,4
CHEMBL1000069,Analog_69,CN1CCN(CC1)CC2=CC3=C(C=C2)N=CN=C3NC4=CC(=C(C=C4)F)Cl,Kinase Inhibitor,4
CHEMBL1000070,Analog_70,CC(C)C1=NC(=C(N1)C2=NC=NC3=CC=C(C=C32)OC)C4=CC=C(C=C4)NC(=O)NC5=CC=C(C=C5)C(F)(F)F,Kinase Inhibitor,4
CHEMBL1000071,Analog_71,CN(C)C(=O)C1=CC=C(C=C1)NC(=O)C2=CC=C(C=C2)NC3=NC=CC(=N3)C4=CN=CC=C4,Kinase Inhibitor,4
CHEMBL1000072,Analog_72,CC1=C(C(=CC=C1)Cl)NC(=O)C2=CN=C(S2)NC3=CC(=NC(=N3)C)N4CCN(CC4)CCO,Kinase Inhibitor,4
CHEMBL1000073,Analog_73,CC1=CC2=C(C=C1)N=C(C3=CC=C(C=C3)S(=O)(=O)NC(C)C)N(N2)C4=CC=CC=C4,Kinase Inhibitor,4
CHEMBL1000074,Analog_74,CN1CCN(CC1)C2=CC=C(C=C2)NC3=NC=CC(=N3)C4=C(C5=C(C=CC=C5)N4)C6=CC=CC=C6,Kinase Inhibitor,4
CHEMBL1000075,Analog_75,C1CC(C1)C2=CC(=C(C=C2)C3=C(C=C4C(=N3)C=CN4)C5=CC(=CC=C5)NS(=O)(=O)C)F,Kinase Inhibitor,4
CHEMBL1000076,Analog_76,CC(C)(C)C1=NC(=C(S1)C2=CC(=NC(=N2)C3=CC=CC(=C3)F)C4=CC(=CC=C4)NS(=O)(=O)C)C5=CC=CC=C5,Kinase Inhibitor,4
CHEMBL1000077,Analog_77,CC1=C(C=C(C=C1)F)C(=O)NC2=CC=C(C=C2)C3=C(C=C4C(=N3)C=CN4)C5=CC(=CC=C5)S(=O)(=O)N,Kinase Inhibitor,4
CHEMBL1000078,Analog_78,CC1=C(C=C(C=C1)NC(=O)C2=CC=C(C=C2)CN3CCN(CC3)C)NC4=NC=CC(=N4)C5=CN=CC=C5C,Kinase Inhibitor,4
CHEMBL1000079,Analog_79,COC1=C(C=C2C(=C1)N(C=N2)C3CCN(CC3)C(=O)C=C)NC4=CC(=C(C=C4)F)ClC,Kinase Inhibitor,4
CHEMBL1000080,Analog_80,CS(=O)(=O)CCNHCC1=CC=C(C=C1)C2=NC(=C(N2)C3=C4C=CNC4=NC=N3)C5=C(C=CC(=C5)O)OC,Kinase Inhibitor,4
CHEMBL1000081,Analog_81,COCCOC1=C(C=C2C(=C1)N(C=N2)C3=CC(=C(C=C3)C#C)NC(=O)C=C)OCC,Kinase Inhibitor,4
CHEMBL1000082,Analog_82,CN1CCN(CC1)CC2=CC3=C(C=C2)N=CN=C3NC4=CC(=C(C=C4)F)ClC,Kinase Inhibitor,4
CHEMBL1000083,Analog_83,CC(C)C1=NC(=C(N1)C2=NC=NC3=CC=C(C=C32)OC)C4=CC=C(C=C4)NC(=O)NC5=CC=C(C=C5)C(F)(F)FC,Kinase Inhibitor,4
CHEMBL1000084,Analog_84,CN(C)C(=O)C1=CC=C(C=C1)NC(=O)C2=CC=C(C=C2)NC3=NC=CC(=N3)C4=CN=CC=C4C,Kinase Inhibitor,4
CHEMBL1000085,Analog_85,CC1=C(C(=CC=C1)Cl)NC(=O)C2=CN=C(S2)NC3=CC(=NC(=N3)C)N4CCN(CC4)CCOC,Kinase Inhibitor,4
CHEMBL1000086,Analog_86,CC1=CC2=C(C=C1)N=C(C3=CC=C(C=C3)S(=O)(=O)NC(C)C)N(N2)C4=CC=CC=C4C,Kinase Inhibitor,4
CHEMBL1000087,Analog_87,CN1CCN(CC1)C2=CC=C(C=C2)NC3=NC=CC(=N3)C4=C(C5=C(C=CC=C5)N4)C6=CC=CC=C6C,Kinase Inhibitor,4
CHEMBL1000088,Analog_88,C1CC(C1)C2=CC(=C(C=C2)C3=C(C=C4C(=N3)C=CN4)C5=CC(=CC=C5)NS(=O)(=O)C)FC,Kinase Inhibitor,4
CHEMBL1000089,Analog_89,CC(C)(C)C1=NC(=C(S1)C2=CC(=NC(=N2)C3=CC=CC(=C3)F)C4=CC(=CC=C4)NS(=O)(=O)C)C5=CC=CC=C5C,Kinase Inhibitor,4
CHEMBL1000090,Analog_90,CC1=C(C=C(C=C1)F)C(=O)NC2=CC=C(C=C2)C3=C(C=C4C(=N3)C=CN4)C5=CC(=CC=C5)S(=O)(=O)NC,Kinase Inhibitor,4
CHEMBL1000091,Analog_91,CC1=C(C=C(C=C1)NC(=O)C2=CC=C(C=C2)CN3CCN(CC3)C)NC4=NC=CC(=N4)C5=CN=CC=C5CC,Kinase Inhibitor,4
CHEMBL1000092,Analog_92,COC1=C(C=C2C(=C1)N(C=N2)C3CCN(CC3)C(=O)C=C)NC4=CC(=C(C=C4)F)ClCC,Kinase Inhibitor,4
CHEMBL1000093,Analog_93,CS(=O)(=O)CCNHCC1=CC=C(C=C1)C2=NC(=C(N2)C3=C4C=CNC4=NC=N3)C5=C(C=CC(=C5)O)OCC,Kinase Inhibitor,4
CHEMBL1000094,Analog_94,COCCOC1=C(C=C2C(=C1)N(C=N2)C3=CC(=C(C=C3)C#C)NC(=O)C=C)OCCC,Kinase Inhibitor,4
CHEMBL1000095,Analog_95,CN1CCN(CC1)CC2=CC3=C(C=C2)N=CN=C3NC4=CC(=C(C=C4)F)ClCC,Kinase Inhibitor,4
CHEMBL1000096,Analog_96,CC(C)C1=NC(=C(N1)C2=NC=NC3=CC=C(C=C32)OC)C4=CC=C(C=C4)NC(=O)NC5=CC=C(C=C5)C(F)(F)FCC,Kinase Inhibitor,4
CHEMBL1000097,Analog_97,CN(C)C(=O)C1=CC=C(C=C1)NC(=O)C2=CC=C(C=C2)NC3=NC=CC(=N3)C4=CN=CC=C4CC,Kinase Inhibitor,4
CHEMBL1000098,Analog_98,CC1=C(C(=CC=C1)Cl)NC(=O)C2=CN=C(S2)NC3=CC(=NC(=N3)C)N4CCN(CC4)CCOCC,Kinase Inhibitor,4
CHEMBL1000099,Analog_99,CC1=CC2=C(C=C1)N=C(C3=CC=C(C=C3)S(=O)(=O)NC(C)C)N(N2)C4=CC=CC=C4CC,Kinase Inhibitor,4
CHEMBL1000100,Analog_100,CN1CCN(CC1)C2=CC=C(C=C2)NC3=NC=CC(=N3)C4=C(C5=C(C=CC=C5)N4)C6=CC=CC=C6CC,Kinase Inhibitor,4
CHEMBL1000101,Analog_101,C1CC(C1)C2=CC(=C(C=C2)C3=C(C=C4C(=N3)C=CN4)C5=CC(=CC=C5)NS(=O)(=O)C)FCC,Kinase Inhibitor,4
CHEMBL1000102,Analog_102,CC(C)(C)C1=NC(=C(S1)C2=CC(=NC(=N2)C3=CC=CC(=C3)F)C4=CC(=CC=C4)NS(=O)(=O)C)C5=CC=CC=C5CC,Kinase Inhibitor,4
CHEMBL1000103,Analog_103,CC1=C(C=C(C=C1)F)C(=O)NC2=CC=C(C=C2)C3=C(C=C4C(=N3)C=CN4)C5=CC(=CC=C5)S(=O)(=O)NCC,Kinase Inhibitor,4
CHEMBL1000104,Analog_104,CC1=C(C=C(C=C1)NC(=O)C2=CC=C(C=C2)CN3CCN(CC3)C)NC4=NC=CC(=N4)C5=CN=CC=C5CCC,Kinase Inhibitor,4
CHEMBL1000105,Analog_105,COC1=C(C=C2C(=C1)N(C=N2)C3CCN(CC3)C(=O)C=C)NC4=CC(=C(C=C4)F)ClCCC,Kinase Inhibitor,4
CHEMBL1000106,Analog_106,CS(=O)(=O)CCNHCC1=CC=C(C=C1)C2=NC(=C(N2)C3=C4C=CNC4=NC=N3)C5=C(C=CC(=C5)O)OCCC,Kinase Inhibitor,4
CHEMBL1000107,Analog_107,COCCOC1=C(C=C2C(=C1)N(C=N2)C3=CC(=C(C=C3)C#C)NC(=O)C=C)OCCCC,Kinase Inhibitor,4
CHEMBL1000108,Analog_108,CN1CCN(CC1)CC2=CC3=C(C=C2)N=CN=C3NC4=CC(=C(C=C4)F)ClCCC,Kinase Inhibitor,4
CHEMBL1000109,Analog_109,CC(C)C1=NC(=C(N1)C2=NC=NC3=CC=C(C=C32)OC)C4=CC=C(C=C4)NC(=O)NC5=CC=C(C=C5)C(F)(F)FCCC,Kinase Inhibitor,4
CHEMBL1000110,Analog_110,CN(C)C(=O)C1=CC=C(C=C1)NC(=O)C2=CC=C(C=C2)NC3=NC=CC(=N3)C4=CN=CC=C4CCC,Kinase Inhibitor,4
CHEMBL1000111,Analog_111,CC1=C(C(=CC=C1)Cl)NC(=O)C2=CN=C(S2)NC3=CC(=NC(=N3)C)N4CCN(CC4)CCOCCC,Kinase Inhibitor,4
CHEMBL1000112,Analog_112,CC1=CC2=C(C=C1)N=C(C3=CC=C(C=C3)S(=O)(=O)NC(C)C)N(N2)C4=CC=CC=C4CCC,Kinase Inhibitor,4
CHEMBL1000113,Analog_113,CN1CCN(CC1)C2=CC=C(C=C2)NC3=NC=CC(=N3)C4=C(C5=C(C=CC=C5)N4)C6=CC=CC=C6CCC,Kinase Inhibitor,4
CHEMBL1000114,Analog_114,C1CC(C1)C2=CC(=C(C=C2)C3=C(C=C4C(=N3)C=CN4)C5=CC(=CC=C5)NS(=O)(=O)C)FCCC,Kinase Inhibitor,4
CHEMBL1000115,Analog_115,CC(C)(C)C1=NC(=C(S1)C2=CC(=NC(=N2)C3=CC=CC(=C3)F)C4=CC(=CC=C4)NS(=O)(=O)C)C5=CC=CC=C5CCC,Kinase Inhibitor,4
CHEMBL1000116,Analog_116,CC1=C(C=C(C=C1)F)C(=O)NC2=CC=C(C=C2)C3=C(C=C4C(=N3)C=CN4)C5=CC(=CC=C5)S(=O)(=O)NCCC,Kinase Inhibitor,4
CHEMBL1000117,Analog_117,CC1=C(C=C(C=C1)NC(=O)C2=CC=C(C=C2)CN3CCN(CC3)C)NC4=NC=CC(=N4)C5=CN=CC=C5CCCC,Kinase Inhibitor,4
CHEMBL1000118,Analog_118,COC1=C(C=C2C(=C1)N(C=N2)C3CCN(CC3)C(=O)C=C)NC4=CC(=C(C=C4)F)ClCCCC,Kinase Inhibitor,4
CHEMBL1000119,Analog_119,CS(=O)(=O)CCNHCC1=CC=C(C=C1)C2=NC(=C(N2)C3=C4C=CNC4=NC=N3)C5=C(C=CC(=C5)O)OCCCC,Kinase Inhibitor,4
CHEMBL1000120,Analog_120,COCCOC1=C(C=C2C(=C1)N(C=N2)C3=CC(=C(C=C3)C#C)NC(=O)C=C)OCCCCC,Kinase Inhibitor,4
CHEMBL1000121,Analog_121,CN1CCN(CC1)CC2=CC3=C(C=C2)N=CN=C3NC4=CC(=C(C=C4)F)ClCCCC,Kinase Inhibitor,4
CHEMBL1000122,Analog_122,CC(C)C1=NC(=C(N1)C2=NC=NC3=CC=C(C=C32)OC)C4=CC=C(C=C4)NC(=O)NC5=CC=C(C=C5)C(F)(F)FCCCC,Kinase Inhibitor,4
CHEMBL1000123,Analog_123,CN(C)C(=O)C1=CC=C(C=C1)NC(=O)C2=CC=C(C=C2)NC3=NC=CC(=N3)C4=CN=CC=C4CCCC,Kinase Inhibitor,4
CHEMBL1000124,Analog_124,CC1=C(C(=CC=C1)Cl)NC(=O)C2=CN=C(S2)NC3=CC(=NC(=N3)C)N4CCN(CC4)CCOCCCC,Kinase Inhibitor,4
CHEMBL1000125,Analog_125,CC1=CC2=C(C=C1)N=C(C3=CC=C(C=C3)S(=O)(=O)NC(C)C)N(N2)C4=CC=CC=C4CCCC,Kinase Inhibitor,4
CHEMBL1000126,Analog_126,CN1CCN(CC1)C2=CC=C(C=C2)NC3=NC=CC(=N3)C4=C(C5=C(C=CC=C5)N4)C6=CC=CC=C6CCCC,Kinase Inhibitor,4
CHEMBL1000127,Analog_127,C1CC(C1)C2=CC(=C(C=C2)C3=C(C=C4C(=N3)C=CN4)C5=CC(=CC=C5)NS(=O)(=O)C)FCCCC,Kinase Inhibitor,4
CHEMBL1000128,Analog_128,CC(C)(C)C1=NC(=C(S1)C2=CC(=NC(=N2)C3=CC=CC(=C3)F)C4=CC(=CC=C4)NS(=O)(=O)C)C5=CC=CC=C5CCCC,Kinase Inhibitor,4
CHEMBL1000129,Analog_129,CC1=C(C=C(C=C1)F)C(=O)NC2=CC=C(C=C2)C3=C(C=C4C(=N3)C=CN4)C5=CC(=CC=C5)S(=O)(=O)NCCCC,Kinase Inhibitor,4
CHEMBL1000130,Analog_130,CC1=C(C=C(C=C1)NC(=O)C2=CC=C(C=C2)CN3CCN(CC3)C)NC4=NC=CC(=N4)C5=CN=CC=C5,Kinase Inhibitor,4
CHEMBL1000131,Analog_131,COC1=C(C=C2C(=C1)N(C=N2)C3CCN(CC3)C(=O)C=C)NC4=CC(=C(C=C4)F)Cl,Kinase Inhibitor,4
CHEMBL1000132,Analog_132,CS(=O)(=O)CCNHCC1=CC=C(C=C1)C2=NC(=C(N2)C3=C4C=CNC4=NC=N3)C5=C(C=CC(=C5)O)O,Kinase Inhibitor,4
CHEMBL1000133,Analog_133,COCCOC1=C(C=C2C(=C1)N(C=N2)C3=CC(=C(C=C3)C#C)NC(=O)C=C)OC,Kinase Inhibitor,4
CHEMBL1000134,Analog_134,CN1CCN(CC1)CC2=CC3=C(C=C2)N=CN=C3NC4=CC(=C(C=C4)F)Cl,Kinase Inhibitor,4
CHEMBL1000135,Analog_135,CC(C)C1=NC(=C(N1)C2=NC=NC3=CC=C(C=C32)OC)C4=CC=C(C=C4)NC(=O)NC5=CC=C(C=C5)C(F)(F)F,Kinase Inhibitor,4
CHEMBL1000136,Analog_136,CN(C)C(=O)C1=CC=C(C=C1)NC(=O)C2=CC=C(C=C2)NC3=NC=CC(=N3)C4=CN=CC=C4,Kinase Inhibitor,4
CHEMBL1000137,Analog_137,CC1=C(C(=CC=C1)Cl)NC(=O)C2=CN=C(S2)NC3=CC(=NC(=N3)C)N4CCN(CC4)CCO,Kinase Inhibitor,4
CHEMBL1000138,Analog_138,CC1=CC2=C(C=C1)N=C(C3=CC=C(C=C3)S(=O)(=O)NC(C)C)N(N2)C4=CC=CC=C4,Kinase Inhibitor,4
CHEMBL1000139,Analog_139,CN1CCN(CC1)C2=CC=C(C=C2)NC3=NC=CC(=N3)C4=C(C5=C(C=CC=C5)N4)C6=CC=CC=C6,Kinase Inhibitor,4
CHEMBL1000140,Analog_140,C1CC(C1)C2=CC(=C(C=C2)C3=C(C=C4C(=N3)C=CN4)C5=CC(=CC=C5)NS(=O)(=O)C)F,Kinase Inhibitor,4
CHEMBL1000141,Analog_141,CC(C)(C)C1=NC(=C(S1)C2=CC(=NC(=N2)C3=CC=CC(=C3)F)C4=CC(=CC=C4)NS(=O)(=O)C)C5=CC=CC=C5,Kinase Inhibitor,4
CHEMBL1000142,Analog_142,CC1=C(C=C(C=C1)F)C(=O)NC2=CC=C(C=C2)C3=C(C=C4C(=N3)C=CN4)C5=CC(=CC=C5)S(=O)(=O)N,Kinase Inhibitor,4
CHEMBL1000143,Analog_143,CC1=C(C=C(C=C1)NC(=O)C2=CC=C(C=C2)CN3CCN(CC3)C)NC4=NC=CC(=N4)C5=CN=CC=C5C,Kinase Inhibitor,4
CHEMBL1000144,Analog_144,COC1=C(C=C2C(=C1)N(C=N2)C3CCN(CC3)C(=O)C=C)NC4=CC(=C(C=C4)F)ClC,Kinase Inhibitor,4
CHEMBL1000145,Analog_145,CS(=O)(=O)CCNHCC1=CC=C(C=C1)C2=NC(=C(N2)C3=C4C=CNC4=NC=N3)C5=C(C=CC(=C5)O)OC,Kinase Inhibitor,4
CHEMBL1000146,Analog_146,COCCOC1=C(C=C2C(=C1)N(C=N2)C3=CC(=C(C=C3)C#C)NC(=O)C=C)OCC,Kinase Inhibitor,4
CHEMBL1000147,Analog_147,CN1CCN(CC1)CC2=CC3=C(C=C2)N=CN=C3NC4=CC(=C(C=C4)F)ClC,Kinase Inhibitor,4
CHEMBL1000148,Analog_148,CC(C)C1=NC(=C(N1)C2=NC=NC3=CC=C(C=C32)OC)C4=CC=C(C=C4)NC(=O)NC5=CC=C(C=C5)C(F)(F)FC,Kinase Inhibitor,4
CHEMBL1000149,Analog_149,CN(C)C(=O)C1=CC=C(C=C1)NC(=O)C2=CC=C(C=C2)NC3=NC=CC(=N3)C4=CN=CC=C4C,Kinase Inhibitor,4
CHEMBL1000150,Analog_150,CC1=C(C(=CC=C1)Cl)NC(=O)C2=CN=C(S2)NC3=CC(=NC(=N3)C)N4CCN(CC4)CCOC,Kinase Inhibitor,4
CHEMBL1000151,Analog_151,CC1=CC2=C(C=C1)N=C(C3=CC=C(C=C3)S(=O)(=O)NC(C)C)N(N2)C4=CC=CC=C4C,Kinase Inhibitor,4
CHEMBL1000152,Analog_152,CN1CCN(CC1)C2=CC=C(C=C2)NC3=NC=CC(=N3)C4=C(C5=C(C=CC=C5)N4)C6=CC=CC=C6C,Kinase Inhibitor,4
CHEMBL1000153,Analog_153,C1CC(C1)C2=CC(=C(C=C2)C3=C(C=C4C(=N3)C=CN4)C5=CC(=CC=C5)NS(=O)(=O)C)FC,Kinase Inhibitor,4
CHEMBL1000154,Analog_154,CC(C)(C)C1=NC(=C(S1)C2=CC(=NC(=N2)C3=CC=CC(=C3)F)C4=CC(=CC=C4)NS(=O)(=O)C)C5=CC=CC=C5C,Kinase Inhibitor,4
CHEMBL1000155,Analog_155,CC1=C(C=C(C=C1)F)C(=O)NC2=CC=C(C=C2)C3=C(C=C4C(=N3)C=CN4)C5=CC(=CC=C5)S(=O)(=O)NC,Kinase Inhibitor,4
CHEMBL1000156,Analog_156,CC1=C(C=C(C=C1)NC(=O)C2=CC=C(C=C2)CN3CCN(CC3)C)NC4=NC=CC(=N4)C5=CN=CC=C5CC,Kinase Inhibitor,4
CHEMBL1000157,Analog_157,COC1=C(C=C2C(=C1)N(C=N2)C3CCN(CC3)C(=O)C=C)NC4=CC(=C(C=C4)F)ClCC,Kinase Inhibitor,4
CHEMBL1000158,Analog_158,CS(=O)(=O)CCNHCC1=CC=C(C=C1)C2=NC(=C(N2)C3=C4C=CNC4=NC=N3)C5=C(C=CC(=C5)O)OCC,Kinase Inhibitor,4
CHEMBL1000159,Analog_159,COCCOC1=C(C=C2C(=C1)N(C=N2)C3=CC(=C(C=C3)C#C)NC(=O)C=C)OCCC,Kinase Inhibitor,4
CHEMBL1000160,Analog_160,CN1CCN(CC1)CC2=CC3=C(C=C2)N=CN=C3NC4=CC(=C(C=C4)F)ClCC,Kinase Inhibitor,4
CHEMBL1000161,Analog_161,CC(C)C1=NC(=C(N1)C2=NC=NC3=CC=C(C=C32)OC)C4=CC=C(C=C4)NC(=O)NC5=CC=C(C=C5)C(F)(F)FCC,Kinase Inhibitor,4
CHEMBL1000162,Analog_162,CN(C)C(=O)C1=CC=C(C=C1)NC(=O)C2=CC=C(C=C2)NC3=NC=CC(=N3)C4=CN=CC=C4CC,Kinase Inhibitor,4
CHEMBL1000163,Analog_163,CC1=C(C(=CC=C1)Cl)NC(=O)C2=CN=C(S2)NC3=CC(=NC(=N3)C)N4CCN(CC4)CCOCC,Kinase Inhibitor,4
CHEMBL1000164,Analog_164,CC1=CC2=C(C=C1)N=C(C3=CC=C(C=C3)S(=O)(=O)NC(C)C)N(N2)C4=CC=CC=C4CC,Kinase Inhibitor,4
CHEMBL1000165,Analog_165,CN1CCN(CC1)C2=CC=C(C=C2)NC3=NC=CC(=N3)C4=C(C5=C(C=CC=C5)N4)C6=CC=CC=C6CC,Kinase Inhibitor,4
CHEMBL1000166,Analog_166,C1CC(C1)C2=CC(=C(C=C2)C3=C(C=C4C(=N3)C=CN4)C5=CC(=CC=C5)NS(=O)(=O)C)FCC,Kinase Inhibitor,4
CHEMBL1000167,Analog_167,CC(C)(C)C1=NC(=C(S1)C2=CC(=NC(=N2)C3=CC=CC(=C3)F)C4=CC(=CC=C4)NS(=O)(=O)C)C5=CC=CC=C5CC,Kinase Inhibitor,4
CHEMBL1000168,Analog_168,CC1=C(C=C(C=C1)F)C(=O)NC2=CC=C(C=C2)C3=C(C=C4C(=N3)C=CN4)C5=CC(=CC=C5)S(=O)(=O)NCC,Kinase Inhibitor,4
CHEMBL1000169,Analog_169,CC1=C(C=C(C=C1)NC(=O)C2=CC=C(C=C2)CN3CCN(CC3)C)NC4=NC=CC(=N4)C5=CN=CC=C5CCC,Kinase Inhibitor,4
CHEMBL1000170,Analog_170,COC1=C(C=C2C(=C1)N(C=N2)C3CCN(CC3)C(=O)C=C)NC4=CC(=C(C=C4)F)ClCCC,Kinase Inhibitor,4
CHEMBL1000171,Analog_171,CS(=O)(=O)CCNHCC1=CC=C(C=C1)C2=NC(=C(N2)C3=C4C=CNC4=NC=N3)C5=C(C=CC(=C5)O)OCCC,Kinase Inhibitor,4
CHEMBL1000172,Analog_172,COCCOC1=C(C=C2C(=C1)N(C=N2)C3=CC(=C(C=C3)C#C)NC(=O)C=C)OCCCC,Kinase Inhibitor,4
CHEMBL1000173,Analog_173,CN1CCN(CC1)CC2=CC3=C(C=C2)N=CN=C3NC4=CC(=C(C=C4)F)ClCCC,Kinase Inhibitor,4
CHEMBL1000174,Analog_174,CC(C)C1=NC(=C(N1)C2=NC=NC3=CC=C(C=C32)OC)C4=CC=C(C=C4)NC(=O)NC5=CC=C(C=C5)C(F)(F)FCCC,Kinase Inhibitor,4
CHEMBL1000175,Analog_175,CN(C)C(=O)C1=CC=C(C=C1)NC(=O)C2=CC=C(C=C2)NC3=NC=CC(=N3)C4=CN=CC=C4CCC,Kinase Inhibitor,4
CHEMBL1000176,Analog_176,CC1=C(C(=CC=C1)Cl)NC(=O)C2=CN=C(S2)NC3=CC(=NC(=N3)C)N4CCN(CC4)CCOCCC,Kinase Inhibitor,4
CHEMBL1000177,Analog_177,CC1=CC2=C(C=C1)N=C(C3=CC=C(C=C3)S(=O)(=O)NC(C)C)N(N2)C4=CC=CC=C4CCC,Kinase Inhibitor,4
CHEMBL1000178,Analog_178,CN1CCN(CC1)C2=CC=C(C=C2)NC3=NC=CC(=N3)C4=C(C5=C(C=CC=C5)N4)C6=CC=CC=C6CCC,Kinase Inhibitor,4
CHEMBL1000179,Analog_179,C1CC(C1)C2=CC(=C(C=C2)C3=C(C=C4C(=N3)C=CN4)C5=CC(=CC=C5)NS(=O)(=O)C)FCCC,Kinase Inhibitor,4
CHEMBL1000180,Analog_180,CC(C)(C)C1=NC(=C(S1)C2=CC(=NC(=N2)C3=CC=CC(=C3)F)C4=CC(=CC=C4)NS(=O)(=O)C)C5=CC=CC=C5CCC,Kinase Inhibitor,4
CHEMBL1000181,Analog_181,CC1=C(C=C(C=C1)F)C(=O)NC2=CC=C(C=C2)C3=C(C=C4C(=N3)C=CN4)C5=CC(=CC=C5)S(=O)(=O)NCCC,Kinase Inhibitor,4
CHEMBL1000182,Analog_182,CC1=C(C=C(C=C1)NC(=O)C2=CC=C(C=C2)CN3CCN(CC3)C)NC4=NC=CC(=N4)C5=CN=CC=C5CCCC,Kinase Inhibitor,4
CHEMBL1000183,Analog_183,COC1=C(C=C2C(=C1)N(C=N2)C3CCN(CC3)C(=O)C=C)NC4=CC(=C(C=C4)F)ClCCCC,Kinase Inhibitor,4
CHEMBL1000184,Analog_184,CS(=O)(=O)CCNHCC1=CC=C(C=C1)C2=NC(=C(N2)C3=C4C=CNC4=NC=N3)C5=C(C=CC(=C5)O)OCCCC,Kinase Inhibitor,4
CHEMBL1000185,Analog_185,COCCOC1=C(C=C2C(=C1)N(C=N2)C3=CC(=C(C=C3)C#C)NC(=O)C=C)OCCCCC,Kinase Inhibitor,4
CHEMBL1000186,Analog_186,CN1CCN(CC1)CC2=CC3=C(C=C2)N=CN=C3NC4=CC(=C(C=C4)F)ClCCCC,Kinase Inhibitor,4
CHEMBL1000187,Analog_187,CC(C)C1=NC(=C(N1)C2=NC=NC3=CC=C(C=C32)OC)C4=CC=C(C=C4)NC(=O)NC5=CC=C(C=C5)C(F)(F)FCCCC,Kinase Inhibitor,4
CHEMBL1000188,Analog_188,CN(C)C(=O)C1=CC=C(C=C1)NC(=O)C2=CC=C(C=C2)NC3=NC=CC(=N3)C4=CN=CC=C4CCCC,Kinase Inhibitor,4
CHEMBL1000189,Analog_189,CC1=C(C(=CC=C1)Cl)NC(=O)C2=CN=C(S2)NC3=CC(=NC(=N3)C)N4CCN(CC4)CCOCCCC,Kinase Inhibitor,4
CHEMBL1000190,Analog_190,CC1=CC2=C(C=C1)N=C(C3=CC=C(C=C3)S(=O)(=O)NC(C)C)N(N2)C4=CC=CC=C4CCCC,Kinase Inhibitor,4
CHEMBL1000191,Analog_191,CN1CCN(CC1)C2=CC=C(C=C2)NC3=NC=CC(=N3)C4=C(C5=C(C=CC=C5)N4)C6=CC=CC=C6CCCC,Kinase Inhibitor,4
CHEMBL1000192,Analog_192,C1CC(C1)C2=CC(=C(C=C2)C3=C(C=C4C(=N3)C=CN4)C5=CC(=CC=C5)NS(=O)(=O)C)FCCCC,Kinase Inhibitor,4
CHEMBL1000193,Analog_193,CC(C)(C)C1=NC(=C(S1)C2=CC(=NC(=N2)C3=CC=CC(=C3)F)C4=CC(=CC=C4)NS(=O)(=O)C)C5=CC=CC=C5CCCC,Kinase Inhibitor,4
CHEMBL1000194,Analog_194,CC1=C(C=C(C=C1)F)C(=O)NC2=CC=C(C=C2)C3=C(C=C4C(=N3)C=CN4)C5=CC(=CC=C5)S(=O)(=O)NCCCC,Kinase Inhibitor,4
CHEMBL1000195,Analog_195,CC1=C(C=C(C=C1)NC(=O)C2=CC=C(C=C2)CN3CCN(CC3)C)NC4=NC=CC(=N4)C5=CN=CC=C5,Kinase Inhibitor,4
CHEMBL1000196,Analog_196,COC1=C(C=C2C(=C1)N(C=N2)C3CCN(CC3)C(=O)C=C)NC4=CC(=C(C=C4)F)Cl,Kinase Inhibitor,4
CHEMBL1000197,Analog_197,CS(=O)(=O)CCNHCC1=CC=C(C=C1)C2=NC(=C(N2)C3=C4C=CNC4=NC=N3)C5=C(C=CC(=C5)O)O,Kinase Inhibitor,4
CHEMBL1000198,Analog_198,COCCOC1=C(C=C2C(=C1)N(C=N2)C3=CC(=C(C=C3)C#C)NC(=O)C=C)OC,Kinase Inhibitor,4
CHEMBL1000199,Analog_199,CN1CCN(CC1)CC2=CC3=C(C=C2)N=CN=C3NC4=CC(=C(C=C4)F)Cl,Kinase Inhibitor,4
CHEMBL1000200,Analog_200,CC(C)C1=NC(=C(N1)C2=NC=NC3=CC=C(C=C32)OC)C4=CC=C(C=C4)NC(=O)NC5=CC=C(C=C5)C(F)(F)F,Kinase Inhibitor,4
CHEMBL1000201,Analog_201,CN(C)C(=O)C1=CC=C(C=C1)NC(=O)C2=CC=C(C=C2)NC3=NC=CC(=N3)C4=CN=CC=C4,Kinase Inhibitor,4
CHEMBL1000202,Analog_202,CC1=C(C(=CC=C1)Cl)NC(=O)C2=CN=C(S2)NC3=CC(=NC(=N3)C)N4CCN(CC4)CCO,Kinase Inhibitor,4
CHEMBL1000203,Analog_203,CC1=CC2=C(C=C1)N=C(C3=CC=C(C=C3)S(=O)(=O)NC(C)C)N(N2)C4=CC=CC=C4,Kinase Inhibitor,4
CHEMBL1000204,Analog_204,CN1CCN(CC1)C2=CC=C(C=C2)NC3=NC=CC(=N3)C4=C(C5=C(C=CC=C5)N4)C6=CC=CC=C6,Kinase Inhibitor,4
CHEMBL1000205,Analog_205,C1CC(C1)C2=CC(=C(C=C2)C3=C(C=C4C(=N3)C=CN4)C5=CC(=CC=C5)NS(=O)(=O)C)F,Kinase Inhibitor,4
CHEMBL1000206,Analog_206,CC(C)(C)C1=NC(=C(S1)C2=CC(=NC(=N2)C3=CC=CC(=C3)F)C4=CC(=CC=C4)NS(=O)(=O)C)C5=CC=CC=C5,Kinase Inhibitor,4
CHEMBL1000207,Analog_207,CC1=C(C=C(C=C1)F)C(=O)NC2=CC=C(C=C2)C3=C(C=C4C(=N3)C=CN4)C5=CC(=CC=C5)S(=O)(=O)N,Kinase Inhibitor,4
CHEMBL1000208,Analog_208,CC1=C(C=C(C=C1)NC(=O)C2=CC=C(C=C2)CN3CCN(CC3)C)NC4=NC=CC(=N4)C5=CN=CC=C5C,Kinase Inhibitor,4
CHEMBL1000209,Analog_209,COC1=C(C=C2C(=C1)N(C=N2)C3CCN(CC3)C(=O)C=C)NC4=CC(=C(C=C4)F)ClC,Kinase Inhibitor,4
CHEMBL1000210,Analog_210,CS(=O)(=O)CCNHCC1=CC=C(C=C1)C2=NC(=C(N2)C3=C4C=CNC4=NC=N3)C5=C(C=CC(=C5)O)OC,Kinase Inhibitor,4
CHEMBL1000211,Analog_211,COCCOC1=C(C=C2C(=C1)N(C=N2)C3=CC(=C(C=C3)C#C)NC(=O)C=C)OCC,Kinase Inhibitor,4
CHEMBL1000212,Analog_212,CN1CCN(CC1)CC2=CC3=C(C=C2)N=CN=C3NC4=CC(=C(C=C4)F)ClC,Kinase Inhibitor,4
CHEMBL1000213,Analog_213,CC(C)C1=NC(=C(N1)C2=NC=NC3=CC=C(C=C32)OC)C4=CC=C(C=C4)NC(=O)NC5=CC=C(C=C5)C(F)(F)FC,Kinase Inhibitor,4
CHEMBL1000214,Analog_214,CN(C)C(=O)C1=CC=C(C=C1)NC(=O)C2=CC=C(C=C2)NC3=NC=CC(=N3)C4=CN=CC=C4C,Kinase Inhibitor,4
CHEMBL1000215,Analog_215,CC1=C(C(=CC=C1)Cl)NC(=O)C2=CN=C(S2)NC3=CC(=NC(=N3)C)N4CCN(CC4)CCOC,Kinase Inhibitor,4
CHEMBL1000216,Analog_216,CC1=CC2=C(C=C1)N=C(C3=CC=C(C=C3)S(=O)(=O)NC(C)C)N(N2)C4=CC=CC=C4C,Kinase Inhibitor,4
CHEMBL1000217,Analog_217,CN1CCN(CC1)C2=CC=C(C=C2)NC3=NC=CC(=N3)C4=C(C5=C(C=CC=C5)N4)C6=CC=CC=C6C,Kinase Inhibitor,4
CHEMBL1000218,Analog_218,C1CC(C1)C2=CC(=C(C=C2)C3=C(C=C4C(=N3)C=CN4)C5=CC(=CC=C5)NS(=O)(=O)C)FC,Kinase Inhibitor,4
CHEMBL1000219,Analog_219,CC(C)(C)C1=NC(=C(S1)C2=CC(=NC(=N2)C3=CC=CC(=C3)F)C4=CC(=CC=C4)NS(=O)(=O)C)C5=CC=CC=C5C,Kinase Inhibitor,4
CHEMBL1000220,Analog_220,CC1=C(C=C(C=C1)F)C(=O)NC2=CC=C(C=C2)C3=C(C=C4C(=N3)C=CN4)C5=CC(=CC=C5)S(=O)(=O)NC,Kinase Inhibitor,4
CHEMBL1000221,Analog_221,CC1=C(C=C(C=C1)NC(=O)C2=CC=C(C=C2)CN3CCN(CC3)C)NC4=NC=CC(=N4)C5=CN=CC=C5CC,Kinase Inhibitor,4
CHEMBL1000222,Analog_222,COC1=C(C=C2C(=C1)N(C=N2)C3CCN(CC3)C(=O)C=C)NC4=CC(=C(C=C4)F)ClCC,Kinase Inhibitor,4
CHEMBL1000223,Analog_223,CS(=O)(=O)CCNHCC1=CC=C(C=C1)C2=NC(=C(N2)C3=C4C=CNC4=NC=N3)C5=C(C=CC(=C5)O)OCC,Kinase Inhibitor,4
CHEMBL1000224,Analog_224,COCCOC1=C(C=C2C(=C1)N(C=N2)C3=CC(=C(C=C3)C#C)NC(=O)C=C)OCCC,Kinase Inhibitor,4
CHEMBL1000225,Analog_225,CN1CCN(CC1)CC2=CC3=C(C=C2)N=CN=C3NC4=CC(=C(C=C4)F)ClCC,Kinase Inhibitor,4
CHEMBL1000226,Analog_226,CC(C)C1=NC(=C(N1)C2=NC=NC3=CC=C(C=C32)OC)C4=CC=C(C=C4)NC(=O)NC5=CC=C(C=C5)C(F)(F)FCC,Kinase Inhibitor,4
CHEMBL1000227,Analog_227,CN(C)C(=O)C1=CC=C(C=C1)NC(=O)C2=CC=C(C=C2)NC3=NC=CC(=N3)C4=CN=CC=C4CC,Kinase Inhibitor,4
CHEMBL1000228,Analog_228,CC1=C(C(=CC=C1)Cl)NC(=O)C2=CN=C(S2)NC3=CC(=NC(=N3)C)N4CCN(CC4)CCOCC,Kinase Inhibitor,4
CHEMBL1000229,Analog_229,CC1=CC2=C(C=C1)N=C(C3=CC=C(C=C3)S(=O)(=O)NC(C)C)N(N2)C4=CC=CC=C4CC,Kinase Inhibitor,4
CHEMBL1000230,Analog_230,CN1CCN(CC1)C2=CC=C(C=C2)NC3=NC=CC(=N3)C4=C(C5=C(C=CC=C5)N4)C6=CC=CC=C6CC,Kinase Inhibitor,4
CHEMBL1000231,Analog_231,C1CC(C1)C2=CC(=C(C=C2)C3=C(C=C4C(=N3)C=CN4)C5=CC(=CC=C5)NS(=O)(=O)C)FCC,Kinase Inhibitor,4
CHEMBL1000232,Analog_232,CC(C)(C)C1=NC(=C(S1)C2=CC(=NC(=N2)C3=CC=CC(=C3)F)C4=CC(=CC=C4)NS(=O)(=O)C)C5=CC=CC=C5CC,Kinase Inhibitor,4
CHEMBL1000233,Analog_233,CC1=C(C=C(C=C1)F)C(=O)NC2=CC=C(C=C2)C3=C(C=C4C(=N3)C=CN4)C5=CC(=CC=C5)S(=O)(=O)NCC,Kinase Inhibitor,4
CHEMBL1000234,Analog_234,CC1=C(C=C(C=C1)NC(=O)C2=CC=C(C=C2)CN3CCN(CC3)C)NC4=NC=CC(=N4)C5=CN=CC=C5CCC,Kinase Inhibitor,4
CHEMBL1000235,Analog_235,COC1=C(C=C2C(=C1)N(C=N2)C3CCN(CC3)C(=O)C=C)NC4=CC(=C(C=C4)F)ClCCC,Kinase Inhibitor,4
CHEMBL1000236,Analog_236,CS(=O)(=O)CCNHCC1=CC=C(C=C1)C2=NC(=C(N2)C3=C4C=CNC4=NC=N3)C5=C(C=CC(=C5)O)OCCC,Kinase Inhibitor,4
CHEMBL1000237,Analog_237,COCCOC1=C(C=C2C(=C1)N(C=N2)C3=CC(=C(C=C3)C#C)NC(=O)C=C)OCCCC,Kinase Inhibitor,4
CHEMBL1000238,Analog_238,CN1CCN(CC1)CC2=CC3=C(C=C2)N=CN=C3NC4=CC(=C(C=C4)F)ClCCC,Kinase Inhibitor,4
CHEMBL1000239,Analog_239,CC(C)C1=NC(=C(N1)C2=NC=NC3=CC=C(C=C32)OC)C4=CC=C(C=C4)NC(=O)NC5=CC=C(C=C5)C(F)(F)FCCC,Kinase Inhibitor,4
CHEMBL1000240,Analog_240,CN(C)C(=O)C1=CC=C(C=C1)NC(=O)C2=CC=C(C=C2)NC3=NC=CC(=N3)C4=CN=CC=C4CCC,Kinase Inhibitor,4
CHEMBL1000241,Analog_241,CC1=C(C(=CC=C1)Cl)NC(=O)C2=CN=C(S2)NC3=CC(=NC(=N3)C)N4CCN(CC4)CCOCCC,Kinase Inhibitor,4
CHEMBL1000242,Analog_242,CC1=CC2=C(C=C1)N=C(C3=CC=C(C=C3)S(=O)(=O)NC(C)C)N(N2)C4=CC=CC=C4CCC,Kinase Inhibitor,4
CHEMBL1000243,Analog_243,CN1CCN(CC1)C2=CC=C(C=C2)NC3=NC=CC(=N3)C4=C(C5=C(C=CC=C5)N4)C6=CC=CC=C6CCC,Kinase Inhibitor,4
CHEMBL1000244,Analog_244,C1CC(C1)C2=CC(=C(C=C2)C3=C(C=C4C(=N3)C=CN4)C5=CC(=CC=C5)NS(=O)(=O)C)FCCC,Kinase Inhibitor,4
CHEMBL1000245,Analog_245,CC(C)(C)C1=NC(=C(S1)C2=CC(=NC(=N2)C3=CC=CC(=C3)F)C4=CC(=CC=C4)NS(=O)(=O)C)C5=CC=CC=C5CCC,Kinase Inhibitor,4
CHEMBL1000246,Analog_246,CC1=C(C=C(C=C1)F)C(=O)NC2=CC=C(C=C2)C3=C(C=C4C(=N3)C=CN4)C5=CC(=CC=C5)S(=O)(=O)NCCC,Kinase Inhibitor,4
CHEMBL1000247,Analog_247,CC1=C(C=C(C=C1)NC(=O)C2=CC=C(C=C2)CN3CCN(CC3)C)NC4=NC=CC(=N4)C5=CN=CC=C5CCCC,Kinase Inhibitor,4
CHEMBL1000248,Analog_248,COC1=C(C=C2C(=C1)N(C=N2)C3CCN(CC3)C(=O)C=C)NC4=CC(=C(C=C4)F)ClCCCC,Kinase Inhibitor,4
CHEMBL1000249,Analog_249,CS(=O)(=O)CCNHCC1=CC=C(C=C1)C2=NC(=C(N2)C3=C4C=CNC4=NC=N3)C5=C(C=CC(=C5)O)OCCCC,Kinase Inhibitor,4
CHEMBL1000250,Analog_250,COCCOC1=C(C=C2C(=C1)N(C=N2)C3=CC(=C(C=C3)C#C)NC(=O)C=C)OCCCCC,Kinase Inhibitor,4
CHEMBL1000251,Analog_251,CN1CCN(CC1)CC2=CC3=C(C=C2)N=CN=C3NC4=CC(=C(C=C4)F)ClCCCC,Kinase Inhibitor,4
CHEMBL1000252,Analog_252,CC(C)C1=NC(=C(N1)C2=NC=NC3=CC=C(C=C32)OC)C4=CC=C(C=C4)NC(=O)NC5=CC=C(C=C5)C(F)(F)FCCCC,Kinase Inhibitor,4
CHEMBL1000253,Analog_253,CN(C)C(=O)C1=CC=C(C=C1)NC(=O)C2=CC=C(C=C2)NC3=NC=CC(=N3)C4=CN=CC=C4CCCC,Kinase Inhibitor,4
CHEMBL1000254,Analog_254,CC1=C(C(=CC=C1)Cl)NC(=O)C2=CN=C(S2)NC3=CC(=NC(=N3)C)N4CCN(CC4)CCOCCCC,Kinase Inhibitor,4
CHEMBL1000255,Analog_255,CC1=CC2=C(C=C1)N=C(C3=CC=C(C=C3)S(=O)(=O)NC(C)C)N(N2)C4=CC=CC=C4CCCC,Kinase Inhibitor,4
CHEMBL1000256,Analog_256,CN1CCN(CC1)C2=CC=C(C=C2)NC3=NC=CC(=N3)C4=C(C5=C(C=CC=C5)N4)C6=CC=CC=C6CCCC,Kinase Inhibitor,4
CHEMBL1000257,Analog_257,C1CC(C1)C2=CC(=C(C=C2)C3=C(C=C4C(=N3)C=CN4)C5=CC(=CC=C5)NS(=O)(=O)C)FCCCC,Kinase Inhibitor,4
CHEMBL1000258,Analog_258,CC(C)(C)C1=NC(=C(S1)C2=CC(=NC(=N2)C3=CC=CC(=C3)F)C4=CC(=CC=C4)NS(=O)(=O)C)C5=CC=CC=C5CCCC,Kinase Inhibitor,4
CHEMBL1000259,Analog_259,CC1=C(C=C(C=C1)F)C(=O)NC2=CC=C(C=C2)C3=C(C=C4C(=N3)C=CN4)C5=CC(=CC=C5)S(=O)(=O)NCCCC,Kinase Inhibitor,4
CHEMBL1000260,Analog_260,CC1=C(C=C(C=C1)NC(=O)C2=CC=C(C=C2)CN3CCN(CC3)C)NC4=NC=CC(=N4)C5=CN=CC=C5,Kinase Inhibitor,4
CHEMBL1000261,Analog_261,COC1=C(C=C2C(=C1)N(C=N2)C3CCN(CC3)C(=O)C=C)NC4=CC(=C(C=C4)F)Cl,Kinase Inhibitor,4
CHEMBL1000262,Analog_262,CS(=O)(=O)CCNHCC1=CC=C(C=C1)C2=NC(=C(N2)C3=C4C=CNC4=NC=N3)C5=C(C=CC(=C5)O)O,Kinase Inhibitor,4
CHEMBL1000263,Analog_263,COCCOC1=C(C=C2C(=C1)N(C=N2)C3=CC(=C(C=C3)C#C)NC(=O)C=C)OC,Kinase Inhibitor,4
CHEMBL1000264,Analog_264,CN1CCN(CC1)CC2=CC3=C(C=C2)N=CN=C3NC4=CC(=C(C=C4)F)Cl,Kinase Inhibitor,4
CHEMBL1000265,Analog_265,CC(C)C1=NC(=C(N1)C2=NC=NC3=CC=C(C=C32)OC)C4=CC=C(C=C4)NC(=O)NC5=CC=C(C=C5)C(F)(F)F,Kinase Inhibitor,4
CHEMBL1000266,Analog_266,CN(C)C(=O)C1=CC=C(C=C1)NC(=O)C2=CC=C(C=C2)NC3=NC=CC(=N3)C4=CN=CC=C4,Kinase Inhibitor,4
CHEMBL1000267,Analog_267,CC1=C(C(=CC=C1)Cl)NC(=O)C2=CN=C(S2)NC3=CC(=NC(=N3)C)N4CCN(CC4)CCO,Kinase Inhibitor,4
CHEMBL1000268,Analog_268,CC1=CC2=C(C=C1)N=C(C3=CC=C(C=C3)S(=O)(=O)NC(C)C)N(N2)C4=CC=CC=C4,Kinase Inhibitor,4
CHEMBL1000269,Analog_269,CN1CCN(CC1)C2=CC=C(C=C2)NC3=NC=CC(=N3)C4=C(C5=C(C=CC=C5)N4)C6=CC=CC=C6,Kinase Inhibitor,4
CHEMBL1000270,Analog_270,C1CC(C1)C2=CC(=C(C=C2)C3=C(C=C4C(=N3)C=CN4)C5=CC(=CC=C5)NS(=O)(=O)C)F,Kinase Inhibitor,4
CHEMBL1000271,Analog_271,CC(C)(C)C1=NC(=C(S1)C2=CC(=NC(=N2)C3=CC=CC(=C3)F)C4=CC(=CC=C4)NS(=O)(=O)C)C5=CC=CC=C5,Kinase Inhibitor,4
CHEMBL1000272,Analog_272,CC1=C(C=C(C=C1)F)C(=O)NC2=CC=C(C=C2)C3=C(C=C4C(=N3)C=CN4)C5=CC(=CC=C5)S(=O)(=O)N,Kinase Inhibitor,4
CHEMBL1000273,Analog_273,CC1=C(C=C(C=C1)NC(=O)C2=CC=C(C=C2)CN3CCN(CC3)C)NC4=NC=CC(=N4)C5=CN=CC=C5C,Kinase Inhibitor,4
CHEMBL1000274,Analog_274,COC1=C(C=C2C(=C1)N(C=N2)C3CCN(CC3)C(=O)C=C)NC4=CC(=C(C=C4)F)ClC,Kinase Inhibitor,4
CHEMBL1000275,Analog_275,CS(=O)(=O)CCNHCC1=CC=C(C=C1)C2=NC(=C(N2)C3=C4C=CNC4=NC=N3)C5=C(C=CC(=C5)O)OC,Kinase Inhibitor,4
CHEMBL1000276,Analog_276,COCCOC1=C(C=C2C(=C1)N(C=N2)C3=CC(=C(C=C3)C#C)NC(=O)C=C)OCC,Kinase Inhibitor,4
CHEMBL1000277,Analog_277,CN1CCN(CC1)CC2=CC3=C(C=C2)N=CN=C3NC4=CC(=C(C=C4)F)ClC,Kinase Inhibitor,4
CHEMBL1000278,Analog_278,CC(C)C1=NC(=C(N1)C2=NC=NC3=CC=C(C=C32)OC)C4=CC=C(C=C4)NC(=O)NC5=CC=C(C=C5)C(F)(F)FC,Kinase Inhibitor,4
CHEMBL1000279,Analog_279,CN(C)C(=O)C1=CC=C(C=C1)NC(=O)C2=CC=C(C=C2)NC3=NC=CC(=N3)C4=CN=CC=C4C,Kinase Inhibitor,4
CHEMBL1000280,Analog_280,CC1=C(C(=CC=C1)Cl)NC(=O)C2=CN=C(S2)NC3=CC(=NC(=N3)C)N4CCN(CC4)CCOC,Kinase Inhibitor,4
CHEMBL1000281,Analog_281,CC1=CC2=C(C=C1)N=C(C3=CC=C(C=C3)S(=O)(=O)NC(C)C)N(N2)C4=CC=CC=C4C,Kinase Inhibitor,4
CHEMBL1000282,Analog_282,CN1CCN(CC1)C2=CC=C(C=C2)NC3=NC=CC(=N3)C4=C(C5=C(C=CC=C5)N4)C6=CC=CC=C6C,Kinase Inhibitor,4
CHEMBL1000283,Analog_283,C1CC(C1)C2=CC(=C(C=C2)C3=C(C=C4C(=N3)C=CN4)C5=CC(=CC=C5)NS(=O)(=O)C)FC,Kinase Inhibitor,4
CHEMBL1000284,Analog_284,CC(C)(C)C1=NC(=C(S1)C2=CC(=NC(=N2)C3=CC=CC(=C3)F)C4=CC(=CC=C4)NS(=O)(=O)C)C5=CC=CC=C5C,Kinase Inhibitor,4
CHEMBL1000285,Analog_285,CC1=C(C=C(C=C1)F)C(=O)NC2=CC=C(C=C2)C3=C(C=C4C(=N3)C=CN4)C5=CC(=CC=C5)S(=O)(=O)NC,Kinase Inhibitor,4
CHEMBL1000286,Analog_286,CC1=C(C=C(C=C1)NC(=O)C2=CC=C(C=C2)CN3CCN(CC3)C)NC4=NC=CC(=N4)C5=CN=CC=C5CC,Kinase Inhibitor,4
CHEMBL1000287,Analog_287,COC1=C(C=C2C(=C1)N(C=N2)C3CCN(CC3)C(=O)C=C)NC4=CC(=C(C=C4)F)ClCC,Kinase Inhibitor,4
CHEMBL1000288,Analog_288,CS(=O)(=O)CCNHCC1=CC=C(C=C1)C2=NC(=C(N2)C3=C4C=CNC4=NC=N3)C5=C(C=CC(=C5)O)OCC,Kinase Inhibitor,4
CHEMBL1000289,Analog_289,COCCOC1=C(C=C2C(=C1)N(C=N2)C3=CC(=C(C=C3)C#C)NC(=O)C=C)OCCC,Kinase Inhibitor,4
CHEMBL1000290,Analog_290,CN1CCN(CC1)CC2=CC3=C(C=C2)N=CN=C3NC4=CC(=C(C=C4)F)ClCC,Kinase Inhibitor,4
CHEMBL1000291,Analog_291,CC(C)C1=NC(=C(N1)C2=NC=NC3=CC=C(C=C32)OC)C4=CC=C(C=C4)NC(=O)NC5=CC=C(C=C5)C(F)(F)FCC,Kinase Inhibitor,4
CHEMBL1000292,Analog_292,CN(C)C(=O)C1=CC=C(C=C1)NC(=O)C2=CC=C(C=C2)NC3=NC=CC(=N3)C4=CN=CC=C4CC,Kinase Inhibitor,4
CHEMBL1000293,Analog_293,CC1=C(C(=CC=C1)Cl)NC(=O)C2=CN=C(S2)NC3=CC(=NC(=N3)C)N4CCN(CC4)CCOCC,Kinase Inhibitor,4
CHEMBL1000294,Analog_294,CC1=CC2=C(C=C1)N=C(C3=CC=C(C=C3)S(=O)(=O)NC(C)C)N(N2)C4=CC=CC=C4CC,Kinase Inhibitor,4
CHEMBL1000295,Analog_295,CN1CCN(CC1)C2=CC=C(C=C2)NC3=NC=CC(=N3)C4=C(C5=C(C=CC=C5)N4)C6=CC=CC=C6CC,Kinase Inhibitor,4
CHEMBL1000296,Analog_296,C1CC(C1)C2=CC(=C(C=C2)C3=C(C=C4C(=N3)C=CN4)C5=CC(=CC=C5)NS(=O)(=O)C)FCC,Kinase Inhibitor,4
CHEMBL1000297,Analog_297,CC(C)(C)C1=NC(=C(S1)C2=CC(=NC(=N2)C3=CC=CC(=C3)F)C4=CC(=CC=C4)NS(=O)(=O)C)C5=CC=CC=C5CC,Kinase Inhibitor,4
CHEMBL1000298,Analog_298,CC1=C(C=C(C=C1)F)C(=O)NC2=CC=C(C=C2)C3=C(C=C4C(=N3)C=CN4)C5=CC(=CC=C5)S(=O)(=O)NCC,Kinase Inhibitor,4
CHEMBL1000299,Analog_299,CC1=C(C=C(C=C1)NC(=O)C2=CC=C(C=C2)CN3CCN(CC3)C)NC4=NC=CC(=N4)C5=CN=CC=C5CCC,Kinase Inhibitor,4
CHEMBL1000300,Analog_300,COC1=C(C=C2C(=C1)N(C=N2)C3CCN(CC3)C(=O)C=C)NC4=CC(=C(C=C4)F)ClCCC,Kinase Inhibitor,4
CHEMBL1000301,Analog_301,CS(=O)(=O)CCNHCC1=CC=C(C=C1)C2=NC(=C(N2)C3=C4C=CNC4=NC=N3)C5=C(C=CC(=C5)O)OCCC,Kinase Inhibitor,4
CHEMBL1000302,Analog_302,COCCOC1=C(C=C2C(=C1)N(C=N2)C3=CC(=C(C=C3)C#C)NC(=O)C=C)OCCCC,Kinase Inhibitor,4
CHEMBL1000303,Analog_303,CN1CCN(CC1)CC2=CC3=C(C=C2)N=CN=C3NC4=CC(=C(C=C4)F)ClCCC,Kinase Inhibitor,4
CHEMBL1000304,Analog_304,CC(C)C1=NC(=C(N1)C2=NC=NC3=CC=C(C=C32)OC)C4=CC=C(C=C4)NC(=O)NC5=CC=C(C=C5)C(F)(F)FCCC,Kinase Inhibitor,4
CHEMBL1000305,Analog_305,CN(C)C(=O)C1=CC=C(C=C1)NC(=O)C2=CC=C(C=C2)NC3=NC=CC(=N3)C4=CN=CC=C4CCC,Kinase Inhibitor,4
CHEMBL1000306,Analog_306,CC1=C(C(=CC=C1)Cl)NC(=O)C2=CN=C(S2)NC3=CC(=NC(=N3)C)N4CCN(CC4)CCOCCC,Kinase Inhibitor,4
CHEMBL1000307,Analog_307,CC1=CC2=C(C=C1)N=C(C3=CC=C(C=C3)S(=O)(=O)NC(C)C)N(N2)C4=CC=CC=C4CCC,Kinase Inhibitor,4
CHEMBL1000308,Analog_308,CN1CCN(CC1)C2=CC=C(C=C2)NC3=NC=CC(=N3)C4=C(C5=C(C=CC=C5)N4)C6=CC=CC=C6CCC,Kinase Inhibitor,4
CHEMBL1000309,Analog_309,C1CC(C1)C2=CC(=C(C=C2)C3=C(C=C4C(=N3)C=CN4)C5=CC(=CC=C5)NS(=O)(=O)C)FCCC,Kinase Inhibitor,4
CHEMBL1000310,Analog_310,CC(C)(C)C1=NC(=C(S1)C2=CC(=NC(=N2)C3=CC=CC(=C3)F)C4=CC(=CC=C4)NS(=O)(=O)C)C5=CC=CC=C5CCC,Kinase Inhibitor,4
CHEMBL1000311,Analog_311,CC1=C(C=C(C=C1)F)C(=O)NC2=CC=C(C=C2)C3=C(C=C4C(=N3)C=CN4)C5=CC(=CC=C5)S(=O)(=O)NCCC,Kinase Inhibitor,4
CHEMBL1000312,Analog_312,CC1=C(C=C(C=C1)NC(=O)C2=CC=C(C=C2)CN3CCN(CC3)C)NC4=NC=CC(=N4)C5=CN=CC=C5CCCC,Kinase Inhibitor,4
CHEMBL1000313,Analog_313,COC1=C(C=C2C(=C1)N(C=N2)C3CCN(CC3)C(=O)C=C)NC4=CC(=C(C=C4)F)ClCCCC,Kinase Inhibitor,4
CHEMBL1000314,Analog_314,CS(=O)(=O)CCNHCC1=CC=C(C=C1)C2=NC(=C(N2)C3=C4C=CNC4=NC=N3)C5=C(C=CC(=C5)O)OCCCC,Kinase Inhibitor,4
CHEMBL1000315,Analog_315,COCCOC1=C(C=C2C(=C1)N(C=N2)C3=CC(=C(C=C3)C#C)NC(=O)C=C)OCCCCC,Kinase Inhibitor,4
CHEMBL1000316,Analog_316,CN1CCN(CC1)CC2=CC3=C(C=C2)N=CN=C3NC4=CC(=C(C=C4)F)ClCCCC,Kinase Inhibitor,4
CHEMBL1000317,Analog_317,CC(C)C1=NC(=C(N1)C2=NC=NC3=CC=C(C=C32)OC)C4=CC=C(C=C4)NC(=O)NC5=CC=C(C=C5)C(F)(F)FCCCC,Kinase Inhibitor,4
CHEMBL1000318,Analog_318,CN(C)C(=O)C1=CC=C(C=C1)NC(=O)C2=CC=C(C=C2)NC3=NC=CC(=N3)C4=CN=CC=C4CCCC,Kinase Inhibitor,4
CHEMBL1000319,Analog_319,CC1=C(C(=CC=C1)Cl)NC(=O)C2=CN=C(S2)NC3=CC(=NC(=N3)C)N4CCN(CC4)CCOCCCC,Kinase Inhibitor,4
CHEMBL1000320,Analog_320,CC1=CC2=C(C=C1)N=C(C3=CC=C(C=C3)S(=O)(=O)NC(C)C)N(N2)C4=CC=CC=C4CCCC,Kinase Inhibitor,4
CHEMBL1000321,Analog_321,CN1CCN(CC1)C2=CC=C(C=C2)NC3=NC=CC(=N3)C4=C(C5=C(C=CC=C5)N4)C6=CC=CC=C6CCCC,Kinase Inhibitor,4
CHEMBL1000322,Analog_322,C1CC(C1)C2=CC(=C(C=C2)C3=C(C=C4C(=N3)C=CN4)C5=CC(=CC=C5)NS(=O)(=O)C)FCCCC,Kinase Inhibitor,4
CHEMBL1000323,Analog_323,CC(C)(C)C1=NC(=C(S1)C2=CC(=NC(=N2)C3=CC=CC(=C3)F)C4=CC(=CC=C4)NS(=O)(=O)C)C5=CC=CC=C5CCCC,Kinase Inhibitor,4
CHEMBL1000324,Analog_324,CC1=C(C=C(C=C1)F)C(=O)NC2=CC=C(C=C2)C3=C(C=C4C(=N3)C=CN4)C5=CC(=CC=C5)S(=O)(=O)NCCCC,Kinase Inhibitor,4
CHEMBL1000325,Analog_325,CC1=C(C=C(C=C1)NC(=O)C2=CC=C(C=C2)CN3CCN(CC3)C)NC4=NC=CC(=N4)C5=CN=CC=C5,Kinase Inhibitor,4
CHEMBL1000326,Analog_326,COC1=C(C=C2C(=C1)N(C=N2)C3CCN(CC3)C(=O)C=C)NC4=CC(=C(C=C4)F)Cl,Kinase Inhibitor,4
CHEMBL1000327,Analog_327,CS(=O)(=O)CCNHCC1=CC=C(C=C1)C2=NC(=C(N2)C3=C4C=CNC4=NC=N3)C5=C(C=CC(=C5)O)O,Kinase Inhibitor,4
CHEMBL1000328,Analog_328,COCCOC1=C(C=C2C(=C1)N(C=N2)C3=CC(=C(C=C3)C#C)NC(=O)C=C)OC,Kinase Inhibitor,4
CHEMBL1000329,Analog_329,CN1CCN(CC1)CC2=CC3=C(C=C2)N=CN=C3NC4=CC(=C(C=C4)F)Cl,Kinase Inhibitor,4
CHEMBL1000330,Analog_330,CC(C)C1=NC(=C(N1)C2=NC=NC3=CC=C(C=C32)OC)C4=CC=C(C=C4)NC(=O)NC5=CC=C(C=C5)C(F)(F)F,Kinase Inhibitor,4
CHEMBL1000331,Analog_331,CN(C)C(=O)C1=CC=C(C=C1)NC(=O)C2=CC=C(C=C2)NC3=NC=CC(=N3)C4=CN=CC=C4,Kinase Inhibitor,4
CHEMBL1000332,Analog_332,CC1=C(C(=CC=C1)Cl)NC(=O)C2=CN=C(S2)NC3=CC(=NC(=N3)C)N4CCN(CC4)CCO,Kinase Inhibitor,4
CHEMBL1000333,Analog_333,CC1=CC2=C(C=C1)N=C(C3=CC=C(C=C3)S(=O)(=O)NC(C)C)N(N2)C4=CC=CC=C4,Kinase Inhibitor,4
CHEMBL1000334,Analog_334,CN1CCN(CC1)C2=CC=C(C=C2)NC3=NC=CC(=N3)C4=C(C5=C(C=CC=C5)N4)C6=CC=CC=C6,Kinase Inhibitor,4
CHEMBL1000335,Analog_335,C1CC(C1)C2=CC(=C(C=C2)C3=C(C=C4C(=N3)C=CN4)C5=CC(=CC=C5)NS(=O)(=O)C)F,Kinase Inhibitor,4
CHEMBL1000336,Analog_336,CC(C)(C)C1=NC(=C(S1)C2=CC(=NC(=N2)C3=CC=CC(=C3)F)C4=CC(=CC=C4)NS(=O)(=O)C)C5=CC=CC=C5,Kinase Inhibitor,4
CHEMBL1000337,Analog_337,CC1=C(C=C(C=C1)F)C(=O)NC2=CC=C(C=C2)C3=C(C=C4C(=N3)C=CN4)C5=CC(=CC=C5)S(=O)(=O)N,Kinase Inhibitor,4
CHEMBL1000338,Analog_338,CC1=C(C=C(C=C1)NC(=O)C2=CC=C(C=C2)CN3CCN(CC3)C)NC4=NC=CC(=N4)C5=CN=CC=C5C,Kinase Inhibitor,4
CHEMBL1000339,Analog_339,COC1=C(C=C2C(=C1)N(C=N2)C3CCN(CC3)C(=O)C=C)NC4=CC(=C(C=C4)F)ClC,Kinase Inhibitor,4
CHEMBL1000340,Analog_340,CS(=O)(=O)CCNHCC1=CC=C(C=C1)C2=NC(=C(N2)C3=C4C=CNC4=NC=N3)C5=C(C=CC(=C5)O)OC,Kinase Inhibitor,4
CHEMBL1000341,Analog_341,COCCOC1=C(C=C2C(=C1)N(C=N2)C3=CC(=C(C=C3)C#C)NC(=O)C=C)OCC,Kinase Inhibitor,4
CHEMBL1000342,Analog_342,CN1CCN(CC1)CC2=CC3=C(C=C2)N=CN=C3NC4=CC(=C(C=C4)F)ClC,Kinase Inhibitor,4
CHEMBL1000343,Analog_343,CC(C)C1=NC(=C(N1)C2=NC=NC3=CC=C(C=C32)OC)C4=CC=C(C=C4)NC(=O)NC5=CC=C(C=C5)C(F)(F)FC,Kinase Inhibitor,4
CHEMBL1000344,Analog_344,CN(C)C(=O)C1=CC=C(C=C1)NC(=O)C2=CC=C(C=C2)NC3=NC=CC(=N3)C4=CN=CC=C4C,Kinase Inhibitor,4
CHEMBL1000345,Analog_345,CC1=C(C(=CC=C1)Cl)NC(=O)C2=CN=C(S2)NC3=CC(=NC(=N3)C)N4CCN(CC4)CCOC,Kinase Inhibitor,4
CHEMBL1000346,Analog_346,CC1=CC2=C(C=C1)N=C(C3=CC=C(C=C3)S(=O)(=O)NC(C)C)N(N2)C4=CC=CC=C4C,Kinase Inhibitor,4
CHEMBL1000347,Analog_347,CN1CCN(CC1)C2=CC=C(C=C2)NC3=NC=CC(=N3)C4=C(C5=C(C=CC=C5)N4)C6=CC=CC=C6C,Kinase Inhibitor,4
CHEMBL1000348,Analog_348,C1CC(C1)C2=CC(=C(C=C2)C3=C(C=C4C(=N3)C=CN4)C5=CC(=CC=C5)NS(=O)(=O)C)FC,Kinase Inhibitor,4
CHEMBL1000349,Analog_349,CC(C)(C)C1=NC(=C(S1)C2=CC(=NC(=N2)C3=CC=CC(=C3)F)C4=CC(=CC=C4)NS(=O)(=O)C)C5=CC=CC=C5C,Kinase Inhibitor,4
CHEMBL1000350,Analog_350,CC1=C(C=C(C=C1)F)C(=O)NC2=CC=C(C=C2)C3=C(C=C4C(=N3)C=CN4)C5=CC(=CC=C5)S(=O)(=O)NC,Kinase Inhibitor,4
CHEMBL1000351,Analog_351,CC1=C(C=C(C=C1)NC(=O)C2=CC=C(C=C2)CN3CCN(CC3)C)NC4=NC=CC(=N4)C5=CN=CC=C5CC,Kinase Inhibitor,4
CHEMBL1000352,Analog_352,COC1=C(C=C2C(=C1)N(C=N2)C3CCN(CC3)C(=O)C=C)NC4=CC(=C(C=C4)F)ClCC,Kinase Inhibitor,4
CHEMBL1000353,Analog_353,CS(=O)(=O)CCNHCC1=CC=C(C=C1)C2=NC(=C(N2)C3=C4C=CNC4=NC=N3)C5=C(C=CC(=C5)O)OCC,Kinase Inhibitor,4
CHEMBL1000354,Analog_354,COCCOC1=C(C=C2C(=C1)N(C=N2)C3=CC(=C(C=C3)C#C)NC(=O)C=C)OCCC,Kinase Inhibitor,4
CHEMBL1000355,Analog_355,CN1CCN(CC1)CC2=CC3=C(C=C2)N=CN=C3NC4=CC(=C(C=C4)F)ClCC,Kinase Inhibitor,4
CHEMBL1000356,Analog_356,CC(C)C1=NC(=C(N1)C2=NC=NC3=CC=C(C=C32)OC)C4=CC=C(C=C4)NC(=O)NC5=CC=C(C=C5)C(F)(F)FCC,Kinase Inhibitor,4
CHEMBL1000357,Analog_357,CN(C)C(=O)C1=CC=C(C=C1)NC(=O)C2=CC=C(C=C2)NC3=NC=CC(=N3)C4=CN=CC=C4CC,Kinase Inhibitor,4
CHEMBL1000358,Analog_358,CC1=C(C(=CC=C1)Cl)NC(=O)C2=CN=C(S2)NC3=CC(=NC(=N3)C)N4CCN(CC4)CCOCC,Kinase Inhibitor,4
CHEMBL1000359,Analog_359,CC1=CC2=C(C=C1)N=C(C3=CC=C(C=C3)S(=O)(=O)NC(C)C)N(N2)C4=CC=CC=C4CC,Kinase Inhibitor,4
CHEMBL1000360,Analog_360,CN1CCN(CC1)C2=CC=C(C=C2)NC3=NC=CC(=N3)C4=C(C5=C(C=CC=C5)N4)C6=CC=CC=C6CC,Kinase Inhibitor,4
CHEMBL1000361,Analog_361,C1CC(C1)C2=CC(=C(C=C2)C3=C(C=C4C(=N3)C=CN4)C5=CC(=CC=C5)NS(=O)(=O)C)FCC,Kinase Inhibitor,4
CHEMBL1000362,Analog_362,CC(C)(C)C1=NC(=C(S1)C2=CC(=NC(=N2)C3=CC=CC(=C3)F)C4=CC(=CC=C4)NS(=O)(=O)C)C5=CC=CC=C5CC,Kinase Inhibitor,4
CHEMBL1000363,Analog_363,CC1=C(C=C(C=C1)F)C(=O)NC2=CC=C(C=C2)C3=C(C=C4C(=N3)C=CN4)C5=CC(=CC=C5)S(=O)(=O)NCC,Kinase Inhibitor,4
CHEMBL1000364,Analog_364,CC1=C(C=C(C=C1)NC(=O)C2=CC=C(C=C2)CN3CCN(CC3)C)NC4=NC=CC(=N4)C5=CN=CC=C5CCC,Kinase Inhibitor,4
CHEMBL1000365,Analog_365,COC1=C(C=C2C(=C1)N(C=N2)C3CCN(CC3)C(=O)C=C)NC4=CC(=C(C=C4)F)ClCCC,Kinase Inhibitor,4
CHEMBL1000366,Analog_366,CS(=O)(=O)CCNHCC1=CC=C(C=C1)C2=NC(=C(N2)C3=C4C=CNC4=NC=N3)C5=C(C=CC(=C5)O)OCCC,Kinase Inhibitor,4
CHEMBL1000367,Analog_367,COCCOC1=C(C=C2C(=C1)N(C=N2)C3=CC(=C(C=C3)C#C)NC(=O)C=C)OCCCC,Kinase Inhibitor,4
CHEMBL1000368,Analog_368,CN1CCN(CC1)CC2=CC3=C(C=C2)N=CN=C3NC4=CC(=C(C=C4)F)ClCCC,Kinase Inhibitor,4
CHEMBL1000369,Analog_369,CC(C)C1=NC(=C(N1)C2=NC=NC3=CC=C(C=C32)OC)C4=CC=C(C=C4)NC(=O)NC5=CC=C(C=C5)C(F)(F)FCCC,Kinase Inhibitor,4
CHEMBL1000370,Analog_370,CN(C)C(=O)C1=CC=C(C=C1)NC(=O)C2=CC=C(C=C2)NC3=NC=CC(=N3)C4=CN=CC=C4CCC,Kinase Inhibitor,4
CHEMBL1000371,Analog_371,CC1=C(C(=CC=C1)Cl)NC(=O)C2=CN=C(S2)NC3=CC(=NC(=N3)C)N4CCN(CC4)CCOCCC,Kinase Inhibitor,4
CHEMBL1000372,Analog_372,CC1=CC2=C(C=C1)N=C(C3=CC=C(C=C3)S(=O)(=O)NC(C)C)N(N2)C4=CC=CC=C4CCC,Kinase Inhibitor,4
CHEMBL1000373,Analog_373,CN1CCN(CC1)C2=CC=C(C=C2)NC3=NC=CC(=N3)C4=C(C5=C(C=CC=C5)N4)C6=CC=CC=C6CCC,Kinase Inhibitor,4
CHEMBL1000374,Analog_374,C1CC(C1)C2=CC(=C(C=C2)C3=C(C=C4C(=N3)C=CN4)C5=CC(=CC=C5)NS(=O)(=O)C)FCCC,Kinase Inhibitor,4
CHEMBL1000375,Analog_375,CC(C)(C)C1=NC(=C(S1)C2=CC(=NC(=N2)C3=CC=CC(=C3)F)C4=CC(=CC=C4)NS(=O)(=O)C)C5=CC=CC=C5CCC,Kinase Inhibitor,4
CHEMBL1000376,Analog_376,CC1=C(C=C(C=C1)F)C(=O)NC2=CC=C(C=C2)C3=C(C=C4C(=N3)C=CN4)C5=CC(=CC=C5)S(=O)(=O)NCCC,Kinase Inhibitor,4
CHEMBL1000377,Analog_377,CC1=C(C=C(C=C1)NC(=O)C2=CC=C(C=C2)CN3CCN(CC3)C)NC4=NC=CC(=N4)C5=CN=CC=C5CCCC,Kinase Inhibitor,4
CHEMBL1000378,Analog_378,COC1=C(C=C2C(=C1)N(C=N2)C3CCN(CC3)C(=O)C=C)NC4=CC(=C(C=C4)F)ClCCCC,Kinase Inhibitor,4
CHEMBL1000379,Analog_379,CS(=O)(=O)CCNHCC1=CC=C(C=C1)C2=NC(=C(N2)C3=C4C=CNC4=NC=N3)C5=C(C=CC(=C5)O)OCCCC,Kinase Inhibitor,4
CHEMBL1000380,Analog_380,COCCOC1=C(C=C2C(=C1)N(C=N2)C3=CC(=C(C=C3)C#C)NC(=O)C=C)OCCCCC,Kinase Inhibitor,4
CHEMBL1000381,Analog_381,CN1CCN(CC1)CC2=CC3=C(C=C2)N=CN=C3NC4=CC(=C(C=C4)F)ClCCCC,Kinase Inhibitor,4
CHEMBL1000382,Analog_382,CC(C)C1=NC(=C(N1)C2=NC=NC3=CC=C(C=C32)OC)C4=CC=C(C=C4)NC(=O)NC5=CC=C(C=C5)C(F)(F)FCCCC,Kinase Inhibitor,4
CHEMBL1000383,Analog_383,CN(C)C(=O)C1=CC=C(C=C1)NC(=O)C2=CC=C(C=C2)NC3=NC=CC(=N3)C4=CN=CC=C4CCCC,Kinase Inhibitor,4
CHEMBL1000384,Analog_384,CC1=C(C(=CC=C1)Cl)NC(=O)C2=CN=C(S2)NC3=CC(=NC(=N3)C)N4CCN(CC4)CCOCCCC,Kinase Inhibitor,4
CHEMBL1000385,Analog_385,CC1=CC2=C(C=C1)N=C(C3=CC=C(C=C3)S(=O)(=O)NC(C)C)N(N2)C4=CC=CC=C4CCCC,Kinase Inhibitor,4
CHEMBL1000386,Analog_386,CN1CCN(CC1)C2=CC=C(C=C2)NC3=NC=CC(=N3)C4=C(C5=C(C=CC=C5)N4)C6=CC=CC=C6CCCC,Kinase Inhibitor,4
CHEMBL1000387,Analog_387,C1CC(C1)C2=CC(=C(C=C2)C3=C(C=C4C(=N3)C=CN4)C5=CC(=CC=C5)NS(=O)(=O)C)FCCCC,Kinase Inhibitor,4
CHEMBL1000388,Analog_388,CC(C)(C)C1=NC(=C(S1)C2=CC(=NC(=N2)C3=CC=CC(=C3)F)C4=CC(=CC=C4)NS(=O)(=O)C)C5=CC=CC=C5CCCC,Kinase Inhibitor,4
CHEMBL1000389,Analog_389,CC1=C(C=C(C=C1)F)C(=O)NC2=CC=C(C=C2)C3=C(C=C4C(=N3)C=CN4)C5=CC(=CC=C5)S(=O)(=O)NCCCC,Kinase Inhibitor,4
CHEMBL1000390,Analog_390,CC1=C(C=C(C=C1)NC(=O)C2=CC=C(C=C2)CN3CCN(CC3)C)NC4=NC=CC(=N4)C5=CN=CC=C5,Kinase Inhibitor,4
CHEMBL1000391,Analog_391,COC1=C(C=C2C(=C1)N(C=N2)C3CCN(CC3)C(=O)C=C)NC4=CC(=C(C=C4)F)Cl,Kinase Inhibitor,4
CHEMBL1000392,Analog_392,CS(=O)(=O)CCNHCC1=CC=C(C=C1)C2=NC(=C(N2)C3=C4C=CNC4=NC=N3)C5=C(C=CC(=C5)O)O,Kinase Inhibitor,4
CHEMBL1000393,Analog_393,COCCOC1=C(C=C2C(=C1)N(C=N2)C3=CC(=C(C=C3)C#C)NC(=O)C=C)OC,Kinase Inhibitor,4
CHEMBL1000394,Analog_394,CN1CCN(CC1)CC2=CC3=C(C=C2)N=CN=C3NC4=CC(=C(C=C4)F)Cl,Kinase Inhibitor,4
CHEMBL1000395,Analog_395,CC(C)C1=NC(=C(N1)C2=NC=NC3=CC=C(C=C32)OC)C4=CC=C(C=C4)NC(=O)NC5=CC=C(C=C5)C(F)(F)F,Kinase Inhibitor,4
CHEMBL1000396,Analog_396,CN(C)C(=O)C1=CC=C(C=C1)NC(=O)C2=CC=C(C=C2)NC3=NC=CC(=N3)C4=CN=CC=C4,Kinase Inhibitor,4
CHEMBL1000397,Analog_397,CC1=C(C(=CC=C1)Cl)NC(=O)C2=CN=C(S2)NC3=CC(=NC(=N3)C)N4CCN(CC4)CCO,Kinase Inhibitor,4
CHEMBL1000398,Analog_398,CC1=CC2=C(C=C1)N=C(C3=CC=C(C=C3)S(=O)(=O)NC(C)C)N(N2)C4=CC=CC=C4,Kinase Inhibitor,4
CHEMBL1000399,Analog_399,CN1CCN(CC1)C2=CC=C(C=C2)NC3=NC=CC(=N3)C4=C(C5=C(C=CC=C5)N4)C6=CC=CC=C6,Kinase Inhibitor,4
CHEMBL1000400,Analog_400,C1CC(C1)C2=CC(=C(C=C2)C3=C(C=C4C(=N3)C=CN4)C5=CC(=CC=C5)NS(=O)(=O)C)F,Kinase Inhibitor,4
CHEMBL1000401,Analog_401,CC(C)(C)C1=NC(=C(S1)C2=CC(=NC(=N2)C3=CC=CC(=C3)F)C4=CC(=CC=C4)NS(=O)(=O)C)C5=CC=CC=C5,Kinase Inhibitor,4
CHEMBL1000402,Analog_402,CC1=C(C=C(C=C1)F)C(=O)NC2=CC=C(C=C2)C3=C(C=C4C(=N3)C=CN4)C5=CC(=CC=C5)S(=O)(=O)N,Kinase Inhibitor,4
CHEMBL1000403,Analog_403,CC1=C(C=C(C=C1)NC(=O)C2=CC=C(C=C2)CN3CCN(CC3)C)NC4=NC=CC(=N4)C5=CN=CC=C5C,Kinase Inhibitor,4
CHEMBL1000404,Analog_404,COC1=C(C=C2C(=C1)N(C=N2)C3CCN(CC3)C(=O)C=C)NC4=CC(=C(C=C4)F)ClC,Kinase Inhibitor,4
CHEMBL1000405,Analog_405,CS(=O)(=O)CCNHCC1=CC=C(C=C1)C2=NC(=C(N2)C3=C4C=CNC4=NC=N3)C5=C(C=CC(=C5)O)OC,Kinase Inhibitor,4
CHEMBL1000406,Analog_406,COCCOC1=C(C=C2C(=C1)N(C=N2)C3=CC(=C(C=C3)C#C)NC(=O)C=C)OCC,Kinase Inhibitor,4
CHEMBL1000407,Analog_407,CN1CCN(CC1)CC2=CC3=C(C=C2)N=CN=C3NC4=CC(=C(C=C4)F)ClC,Kinase Inhibitor,4
CHEMBL1000408,Analog_408,CC(C)C1=NC(=C(N1)C2=NC=NC3=CC=C(C=C32)OC)C4=CC=C(C=C4)NC(=O)NC5=CC=C(C=C5)C(F)(F)FC,Kinase Inhibitor,4
CHEMBL1000409,Analog_409,CN(C)C(=O)C1=CC=C(C=C1)NC(=O)C2=CC=C(C=C2)NC3=NC=CC(=N3)C4=CN=CC=C4C,Kinase Inhibitor,4
CHEMBL1000410,Analog_410,CC1=C(C(=CC=C1)Cl)NC(=O)C2=CN=C(S2)NC3=CC(=NC(=N3)C)N4CCN(CC4)CCOC,Kinase Inhibitor,4
CHEMBL1000411,Analog_411,CC1=CC2=C(C=C1)N=C(C3=CC=C(C=C3)S(=O)(=O)NC(C)C)N(N2)C4=CC=CC=C4C,Kinase Inhibitor,4
CHEMBL1000412,Analog_412,CN1CCN(CC1)C2=CC=C(C=C2)NC3=NC=CC(=N3)C4=C(C5=C(C=CC=C5)N4)C6=CC=CC=C6C,Kinase Inhibitor,4
CHEMBL1000413,Analog_413,C1CC(C1)C2=CC(=C(C=C2)C3=C(C=C4C(=N3)C=CN4)C5=CC(=CC=C5)NS(=O)(=O)C)FC,Kinase Inhibitor,4
CHEMBL1000414,Analog_414,CC(C)(C)C1=NC(=C(S1)C2=CC(=NC(=N2)C3=CC=CC(=C3)F)C4=CC(=CC=C4)NS(=O)(=O)C)C5=CC=CC=C5C,Kinase Inhibitor,4
CHEMBL1000415,Analog_415,CC1=C(C=C(C=C1)F)C(=O)NC2=CC=C(C=C2)C3=C(C=C4C(=N3)C=CN4)C5=CC(=CC=C5)S(=O)(=O)NC,Kinase Inhibitor,4
CHEMBL1000416,Analog_416,CC1=C(C=C(C=C1)NC(=O)C2=CC=C(C=C2)CN3CCN(CC3)C)NC4=NC=CC(=N4)C5=CN=CC=C5CC,Kinase Inhibitor,4
CHEMBL1000417,Analog_417,COC1=C(C=C2C(=C1)N(C=N2)C3CCN(CC3)C(=O)C=C)NC4=CC(=C(C=C4)F)ClCC,Kinase Inhibitor,4
CHEMBL1000418,Analog_418,CS(=O)(=O)CCNHCC1=CC=C(C=C1)C2=NC(=C(N2)C3=C4C=CNC4=NC=N3)C5=C(C=CC(=C5)O)OCC,Kinase Inhibitor,4
CHEMBL1000419,Analog_419,COCCOC1=C(C=C2C(=C1)N(C=N2)C3=CC(=C(C=C3)C#C)NC(=O)C=C)OCCC,Kinase Inhibitor,4
CHEMBL1000420,Analog_420,CN1CCN(CC1)CC2=CC3=C(C=C2)N=CN=C3NC4=CC(=C(C=C4)F)ClCC,Kinase Inhibitor,4
CHEMBL1000421,Analog_421,CC(C)C1=NC(=C(N1)C2=NC=NC3=CC=C(C=C32)OC)C4=CC=C(C=C4)NC(=O)NC5=CC=C(C=C5)C(F)(F)FCC,Kinase Inhibitor,4
CHEMBL1000422,Analog_422,CN(C)C(=O)C1=CC=C(C=C1)NC(=O)C2=CC=C(C=C2)NC3=NC=CC(=N3)C4=CN=CC=C4CC,Kinase Inhibitor,4
CHEMBL1000423,Analog_423,CC1=C(C(=CC=C1)Cl)NC(=O)C2=CN=C(S2)NC3=CC(=NC(=N3)C)N4CCN(CC4)CCOCC,Kinase Inhibitor,4
CHEMBL1000424,Analog_424,CC1=CC2=C(C=C1)N=C(C3=CC=C(C=C3)S(=O)(=O)NC(C)C)N(N2)C4=CC=CC=C4CC,Kinase Inhibitor,4
CHEMBL1000425,Analog_425,CN1CCN(CC1)C2=CC=C(C=C2)NC3=NC=CC(=N3)C4=C(C5=C(C=CC=C5)N4)C6=CC=CC=C6CC,Kinase Inhibitor,4
CHEMBL1000426,Analog_426,C1CC(C1)C2=CC(=C(C=C2)C3=C(C=C4C(=N3)C=CN4)C5=CC(=CC=C5)NS(=O)(=O)C)FCC,Kinase Inhibitor,4
CHEMBL1000427,Analog_427,CC(C)(C)C1=NC(=C(S1)C2=CC(=NC(=N2)C3=CC=CC(=C3)F)C4=CC(=CC=C4)NS(=O)(=O)C)C5=CC=CC=C5CC,Kinase Inhibitor,4
CHEMBL1000428,Analog_428,CC1=C(C=C(C=C1)F)C(=O)NC2=CC=C(C=C2)C3=C(C=C4C(=N3)C=CN4)C5=CC(=CC=C5)S(=O)(=O)NCC,Kinase Inhibitor,4
CHEMBL1000429,Analog_429,CC1=C(C=C(C=C1)NC(=O)C2=CC=C(C=C2)CN3CCN(CC3)C)NC4=NC=CC(=N4)C5=CN=CC=C5CCC,Kinase Inhibitor,4
CHEMBL1000430,Analog_430,COC1=C(C=C2C(=C1)N(C=N2)C3CCN(CC3)C(=O)C=C)NC4=CC(=C(C=C4)F)ClCCC,Kinase Inhibitor,4
CHEMBL1000431,Analog_431,CS(=O)(=O)CCNHCC1=CC=C(C=C1)C2=NC(=C(N2)C3=C4C=CNC4=NC=N3)C5=C(C=CC(=C5)O)OCCC,Kinase Inhibitor,4
CHEMBL1000432,Analog_432,COCCOC1=C(C=C2C(=C1)N(C=N2)C3=CC(=C(C=C3)C#C)NC(=O)C=C)OCCCC,Kinase Inhibitor,4
CHEMBL1000433,Analog_433,CN1CCN(CC1)CC2=CC3=C(C=C2)N=CN=C3NC4=CC(=C(C=C4)F)ClCCC,Kinase Inhibitor,4
CHEMBL1000434,Analog_434,CC(C)C1=NC(=C(N1)C2=NC=NC3=CC=C(C=C32)OC)C4=CC=C(C=C4)NC(=O)NC5=CC=C(C=C5)C(F)(F)FCCC,Kinase Inhibitor,4
CHEMBL1000435,Analog_435,CN(C)C(=O)C1=CC=C(C=C1)NC(=O)C2=CC=C(C=C2)NC3=NC=CC(=N3)C4=CN=CC=C4CCC,Kinase Inhibitor,4
CHEMBL1000436,Analog_436,CC1=C(C(=CC=C1)Cl)NC(=O)C2=CN=C(S2)NC3=CC(=NC(=N3)C)N4CCN(CC4)CCOCCC,Kinase Inhibitor,4
CHEMBL1000437,Analog_437,CC1=CC2=C(C=C1)N=C(C3=CC=C(C=C3)S(=O)(=O)NC(C)C)N(N2)C4=CC=CC=C4CCC,Kinase Inhibitor,4
CHEMBL1000438,Analog_438,CN1CCN(CC1)C2=CC=C(C=C2)NC3=NC=CC(=N3)C4=C(C5=C(C=CC=C5)N4)C6=CC=CC=C6CCC,Kinase Inhibitor,4
CHEMBL1000439,Analog_439,C1CC(C1)C2=CC(=C(C=C2)C3=C(C=C4C(=N3)C=CN4)C5=CC(=CC=C5)NS(=O)(=O)C)FCCC,Kinase Inhibitor,4
CHEMBL1000440,Analog_440,CC(C)(C)C1=NC(=C(S1)C2=CC(=NC(=N2)C3=CC=CC(=C3)F)C4=CC(=CC=C4)NS(=O)(=O)C)C5=CC=CC=C5CCC,Kinase Inhibitor,4
CHEMBL1000441,Analog_441,CC1=C(C=C(C=C1)F)C(=O)NC2=CC=C(C=C2)C3=C(C=C4C(=N3)C=CN4)C5=CC(=CC=C5)S(=O)(=O)NCCC,Kinase Inhibitor,4
CHEMBL1000442,Analog_442,CC1=C(C=C(C=C1)NC(=O)C2=CC=C(C=C2)CN3CCN(CC3)C)NC4=NC=CC(=N4)C5=CN=CC=C5CCCC,Kinase Inhibitor,4
CHEMBL1000443,Analog_443,COC1=C(C=C2C(=C1)N(C=N2)C3CCN(CC3)C(=O)C=C)NC4=CC(=C(C=C4)F)ClCCCC,Kinase Inhibitor,4
CHEMBL1000444,Analog_444,CS(=O)(=O)CCNHCC1=CC=C(C=C1)C2=NC(=C(N2)C3=C4C=CNC4=NC=N3)C5=C(C=CC(=C5)O)OCCCC,Kinase Inhibitor,4
CHEMBL1000445,Analog_445,COCCOC1=C(C=C2C(=C1)N(C=N2)C3=CC(=C(C=C3)C#C)NC(=O)C=C)OCCCCC,Kinase Inhibitor,4
CHEMBL1000446,Analog_446,CN1CCN(CC1)CC2=CC3=C(C=C2)N=CN=C3NC4=CC(=C(C=C4)F)ClCCCC,Kinase Inhibitor,4
CHEMBL1000447,Analog_447,CC(C)C1=NC(=C(N1)C2=NC=NC3=CC=C(C=C32)OC)C4=CC=C(C=C4)NC(=O)NC5=CC=C(C=C5)C(F)(F)FCCCC,Kinase Inhibitor,4
CHEMBL1000448,Analog_448,CN(C)C(=O)C1=CC=C(C=C1)NC(=O)C2=CC=C(C=C2)NC3=NC=CC(=N3)C4=CN=CC=C4CCCC,Kinase Inhibitor,4
CHEMBL1000449,Analog_449,CC1=C(C(=CC=C1)Cl)NC(=O)C2=CN=C(S2)NC3=CC(=NC(=N3)C)N4CCN(CC4)CCOCCCC,Kinase Inhibitor,4
CHEMBL1000450,Analog_450,CC1=CC2=C(C=C1)N=C(C3=CC=C(C=C3)S(=O)(=O)NC(C)C)N(N2)C4=CC=CC=C4CCCC,Kinase Inhibitor,4
CHEMBL1000451,Analog_451,CN1CCN(CC1)C2=CC=C(C=C2)NC3=NC=CC(=N3)C4=C(C5=C(C=CC=C5)N4)C6=CC=CC=C6CCCC,Kinase Inhibitor,4
CHEMBL1000452,Analog_452,C1CC(C1)C2=CC(=C(C=C2)C3=C(C=C4C(=N3)C=CN4)C5=CC(=CC=C5)NS(=O)(=O)C)FCCCC,Kinase Inhibitor,4
CHEMBL1000453,Analog_453,CC(C)(C)C1=NC(=C(S1)C2=CC(=NC(=N2)C3=CC=CC(=C3)F)C4=CC(=CC=C4)NS(=O)(=O)C)C5=CC=CC=C5CCCC,Kinase Inhibitor,4
CHEMBL1000454,Analog_454,CC1=C(C=C(C=C1)F)C(=O)NC2=CC=C(C=C2)C3=C(C=C4C(=N3)C=CN4)C5=CC(=CC=C5)S(=O)(=O)NCCCC,Kinase Inhibitor,4
CHEMBL1000455,Analog_455,CC1=C(C=C(C=C1)NC(=O)C2=CC=C(C=C2)CN3CCN(CC3)C)NC4=NC=CC(=N4)C5=CN=CC=C5,Kinase Inhibitor,4
CHEMBL1000456,Analog_456,COC1=C(C=C2C(=C1)N(C=N2)C3CCN(CC3)C(=O)C=C)NC4=CC(=C(C=C4)F)Cl,Kinase Inhibitor,4
CHEMBL1000457,Analog_457,CS(=O)(=O)CCNHCC1=CC=C(C=C1)C2=NC(=C(N2)C3=C4C=CNC4=NC=N3)C5=C(C=CC(=C5)O)O,Kinase Inhibitor,4
CHEMBL1000458,Analog_458,COCCOC1=C(C=C2C(=C1)N(C=N2)C3=CC(=C(C=C3)C#C)NC(=O)C=C)OC,Kinase Inhibitor,4
CHEMBL1000459,Analog_459,CN1CCN(CC1)CC2=CC3=C(C=C2)N=CN=C3NC4=CC(=C(C=C4)F)Cl,Kinase Inhibitor,4
CHEMBL1000460,Analog_460,CC(C)C1=NC(=C(N1)C2=NC=NC3=CC=C(C=C32)OC)C4=CC=C(C=C4)NC(=O)NC5=CC=C(C=C5)C(F)(F)F,Kinase Inhibitor,4
CHEMBL1000461,Analog_461,CN(C)C(=O)C1=CC=C(C=C1)NC(=O)C2=CC=C(C=C2)NC3=NC=CC(=N3)C4=CN=CC=C4,Kinase Inhibitor,4
CHEMBL1000462,Analog_462,CC1=C(C(=CC=C1)Cl)NC(=O)C2=CN=C(S2)NC3=CC(=NC(=N3)C)N4CCN(CC4)CCO,Kinase Inhibitor,4
CHEMBL1000463,Analog_463,CC1=CC2=C(C=C1)N=C(C3=CC=C(C=C3)S(=O)(=O)NC(C)C)N(N2)C4=CC=CC=C4,Kinase Inhibitor,4
CHEMBL1000464,Analog_464,CN1CCN(CC1)C2=CC=C(C=C2)NC3=NC=CC(=N3)C4=C(C5=C(C=CC=C5)N4)C6=CC=CC=C6,Kinase Inhibitor,4
CHEMBL1000465,Analog_465,C1CC(C1)C2=CC(=C(C=C2)C3=C(C=C4C(=N3)C=CN4)C5=CC(=CC=C5)NS(=O)(=O)C)F,Kinase Inhibitor,4
CHEMBL1000466,Analog_466,CC(C)(C)C1=NC(=C(S1)C2=CC(=NC(=N2)C3=CC=CC(=C3)F)C4=CC(=CC=C4)NS(=O)(=O)C)C5=CC=CC=C5,Kinase Inhibitor,4
CHEMBL1000467,Analog_467,CC1=C(C=C(C=C1)F)C(=O)NC2=CC=C(C=C2)C3=C(C=C4C(=N3)C=CN4)C5=CC(=CC=C5)S(=O)(=O)N,Kinase Inhibitor,4
CHEMBL1000468,Analog_468,CC1=C(C=C(C=C1)NC(=O)C2=CC=C(C=C2)CN3CCN(CC3)C)NC4=NC=CC(=N4)C5=CN=CC=C5C,Kinase Inhibitor,4
CHEMBL1000469,Analog_469,COC1=C(C=C2C(=C1)N(C=N2)C3CCN(CC3)C(=O)C=C)NC4=CC(=C(C=C4)F)ClC,Kinase Inhibitor,4
CHEMBL1000470,Analog_470,CS(=O)(=O)CCNHCC1=CC=C(C=C1)C2=NC(=C(N2)C3=C4C=CNC4=NC=N3)C5=C(C=CC(=C5)O)OC,Kinase Inhibitor,4
CHEMBL1000471,Analog_471,COCCOC1=C(C=C2C(=C1)N(C=N2)C3=CC(=C(C=C3)C#C)NC(=O)C=C)OCC,Kinase Inhibitor,4
CHEMBL1000472,Analog_472,CN1CCN(CC1)CC2=CC3=C(C=C2)N=CN=C3NC4=CC(=C(C=C4)F)ClC,Kinase Inhibitor,4
CHEMBL1000473,Analog_473,CC(C)C1=NC(=C(N1)C2=NC=NC3=CC=C(C=C32)OC)C4=CC=C(C=C4)NC(=O)NC5=CC=C(C=C5)C(F)(F)FC,Kinase Inhibitor,4
CHEMBL1000474,Analog_474,CN(C)C(=O)C1=CC=C(C=C1)NC(=O)C2=CC=C(C=C2)NC3=NC=CC(=N3)C4=CN=CC=C4C,Kinase Inhibitor,4
CHEMBL1000475,Analog_475,CC1=C(C(=CC=C1)Cl)NC(=O)C2=CN=C(S2)NC3=CC(=NC(=N3)C)N4CCN(CC4)CCOC,Kinase Inhibitor,4
CHEMBL1000476,Analog_476,CC1=CC2=C(C=C1)N=C(C3=CC=C(C=C3)S(=O)(=O)NC(C)C)N(N2)C4=CC=CC=C4C,Kinase Inhibitor,4
CHEMBL1000477,Analog_477,CN1CCN(CC1)C2=CC=C(C=C2)NC3=NC=CC(=N3)C4=C(C5=C(C=CC=C5)N4)C6=CC=CC=C6C,Kinase Inhibitor,4
CHEMBL1000478,Analog_478,C1CC(C1)C2=CC(=C(C=C2)C3=C(C=C4C(=N3)C=CN4)C5=CC(=CC=C5)NS(=O)(=O)C)FC,Kinase Inhibitor,4
CHEMBL1000479,Analog_479,CC(C)(C)C1=NC(=C(S1)C2=CC(=NC(=N2)C3=CC=CC(=C3)F)C4=CC(=CC=C4)NS(=O)(=O)C)C5=CC=CC=C5C,Kinase Inhibitor,4
CHEMBL1000480,Analog_480,CC1=C(C=C(C=C1)F)C(=O)NC2=CC=C(C=C2)C3=C(C=C4C(=N3)C=CN4)C5=CC(=CC=C5)S(=O)(=O)NC,Kinase Inhibitor,4
CHEMBL1000481,Analog_481,CC1=C(C=C(C=C1)NC(=O)C2=CC=C(C=C2)CN3CCN(CC3)C)NC4=NC=CC(=N4)C5=CN=CC=C5CC,Kinase Inhibitor,4
CHEMBL1000482,Analog_482,COC1=C(C=C2C(=C1)N(C=N2)C3CCN(CC3)C(=O)C=C)NC4=CC(=C(C=C4)F)ClCC,Kinase Inhibitor,4
CHEMBL1000483,Analog_483,CS(=O)(=O)CCNHCC1=CC=C(C=C1)C2=NC(=C(N2)C3=C4C=CNC4=NC=N3)C5=C(C=CC(=C5)O)OCC,Kinase Inhibitor,4
CHEMBL1000484,Analog_484,COCCOC1=C(C=C2C(=C1)N(C=N2)C3=CC(=C(C=C3)C#C)NC(=O)C=C)OCCC,Kinase Inhibitor,4
CHEMBL1000485,Analog_485,CN1CCN(CC1)CC2=CC3=C(C=C2)N=CN=C3NC4=CC(=C(C=C4)F)ClCC,Kinase Inhibitor,4
CHEMBL1000486,Analog_486,CC(C)C1=NC(=C(N1)C2=NC=NC3=CC=C(C=C32)OC)C4=CC=C(C=C4)NC(=O)NC5=CC=C(C=C5)C(F)(F)FCC,Kinase Inhibitor,4
CHEMBL1000487,Analog_487,CN(C)C(=O)C1=CC=C(C=C1)NC(=O)C2=CC=C(C=C2)NC3=NC=CC(=N3)C4=CN=CC=C4CC,Kinase Inhibitor,4
CHEMBL1000488,Analog_488,CC1=C(C(=CC=C1)Cl)NC(=O)C2=CN=C(S2)NC3=CC(=NC(=N3)C)N4CCN(CC4)CCOCC,Kinase Inhibitor,4
CHEMBL1000489,Analog_489,CC1=CC2=C(C=C1)N=C(C3=CC=C(C=C3)S(=O)(=O)NC(C)C)N(N2)C4=CC=CC=C4CC,Kinase Inhibitor,4
CHEMBL1000490,Analog_490,CN1CCN(CC1)C2=CC=C(C=C2)NC3=NC=CC(=N3)C4=C(C5=C(C=CC=C5)N4)C6=CC=CC=C6CC,Kinase Inhibitor,4
CHEMBL1000491,Analog_491,C1CC(C1)C2=CC(=C(C=C2)C3=C(C=C4C(=N3)C=CN4)C5=CC(=CC=C5)NS(=O)(=O)C)FCC,Kinase Inhibitor,4
CHEMBL1000492,Analog_492,CC(C)(C)C1=NC(=C(S1)C2=CC(=NC(=N2)C3=CC=CC(=C3)F)C4=CC(=CC=C4)NS(=O)(=O)C)C5=CC=CC=C5CC,Kinase Inhibitor,4
CHEMBL1000493,Analog_493,CC1=C(C=C(C=C1)F)C(=O)NC2=CC=C(C=C2)C3=C(C=C4C(=N3)C=CN4)C5=CC(=CC=C5)S(=O)(=O)NCC,Kinase Inhibitor,4
CHEMBL1000494,Analog_494,CC1=C(C=C(C=C1)NC(=O)C2=CC=C(C=C2)CN3CCN(CC3)C)NC4=NC=CC(=N4)C5=CN=CC=C5CCC,Kinase Inhibitor,4
CHEMBL1000495,Analog_495,COC1=C(C=C2C(=C1)N(C=N2)C3CCN(CC3)C(=O)C=C)NC4=CC(=C(C=C4)F)ClCCC,Kinase Inhibitor,4
CHEMBL1000496,Analog_496,CS(=O)(=O)CCNHCC1=CC=C(C=C1)C2=NC(=C(N2)C3=C4C=CNC4=NC=N3)C5=C(C=CC(=C5)O)OCCC,Kinase Inhibitor,4
CHEMBL1000497,Analog_497,COCCOC1=C(C=C2C(=C1)N(C=N2)C3=CC(=C(C=C3)C#C)NC(=O)C=C)OCCCC,Kinase Inhibitor,4
CHEMBL1000498,Analog_498,CN1CCN(CC1)CC2=CC3=C(C=C2)N=CN=C3NC4=CC(=C(C=C4)F)ClCCC,Kinase Inhibitor,4
CHEMBL1000499,Analog_499,CC(C)C1=NC(=C(N1)C2=NC=NC3=CC=C(C=C32)OC)C4=CC=C(C=C4)NC(=O)NC5=CC=C(C=C5)C(F)(F)FCCC,Kinase Inhibitor,4
CHEMBL1000500,Analog_500,CN(C)C(=O)C1=CC=C(C=C1)NC(=O)C2=CC=C(C=C2)NC3=NC=CC(=N3)C4=CN=CC=C4CCC,Kinase Inhibitor,4
CHEMBL1000501,Analog_501,CC1=C(C(=CC=C1)Cl)NC(=O)C2=CN=C(S2)NC3=CC(=NC(=N3)C)N4CCN(CC4)CCOCCC,Kinase Inhibitor,4
CHEMBL1000502,Analog_502,CC1=CC2=C(C=C1)N=C(C3=CC=C(C=C3)S(=O)(=O)NC(C)C)N(N2)C4=CC=CC=C4CCC,Kinase Inhibitor,4
CHEMBL1000503,Analog_503,CN1CCN(CC1)C2=CC=C(C=C2)NC3=NC=CC(=N3)C4=C(C5=C(C=CC=C5)N4)C6=CC=CC=C6CCC,Kinase Inhibitor,4
CHEMBL1000504,Analog_504,C1CC(C1)C2=CC(=C(C=C2)C3=C(C=C4C(=N3)C=CN4)C5=CC(=CC=C5)NS(=O)(=O)C)FCCC,Kinase Inhibitor,4
CHEMBL1000505,Analog_505,CC(C)(C)C1=NC(=C(S1)C2=CC(=NC(=N2)C3=CC=CC(=C3)F)C4=CC(=CC=C4)NS(=O)(=O)C)C5=CC=CC=C5CCC,Kinase Inhibitor,4
CHEMBL1000506,Analog_506,CC1=C(C=C(C=C1)F)C(=O)NC2=CC=C(C=C2)C3=C(C=C4C(=N3)C=CN4)C5=CC(=CC=C5)S(=O)(=O)NCCC,Kinase Inhibitor,4
CHEMBL1000507,Analog_507,CC1=C(C=C(C=C1)NC(=O)C2=CC=C(C=C2)CN3CCN(CC3)C)NC4=NC=CC(=N4)C5=CN=CC=C5CCCC,Kinase Inhibitor,4
CHEMBL1000508,Analog_508,COC1=C(C=C2C(=C1)N(C=N2)C3CCN(CC3)C(=O)C=C)NC4=CC(=C(C=C4)F)ClCCCC,Kinase Inhibitor,4
CHEMBL1000509,Analog_509,CS(=O)(=O)CCNHCC1=CC=C(C=C1)C2=NC(=C(N2)C3=C4C=CNC4=NC=N3)C5=C(C=CC(=C5)O)OCCCC,Kinase Inhibitor,4
CHEMBL1000510,Analog_510,COCCOC1=C(C=C2C(=C1)N(C=N2)C3=CC(=C(C=C3)C#C)NC(=O)C=C)OCCCCC,Kinase Inhibitor,4
CHEMBL1000511,Analog_511,CN1CCN(CC1)CC2=CC3=C(C=C2)N=CN=C3NC4=CC(=C(C=C4)F)ClCCCC,Kinase Inhibitor,4
CHEMBL1000512,Analog_512,CC(C)C1=NC(=C(N1)C2=NC=NC3=CC=C(C=C32)OC)C4=CC=C(C=C4)NC(=O)NC5=CC=C(C=C5)C(F)(F)FCCCC,Kinase Inhibitor,4
CHEMBL1000513,Analog_513,CN(C)C(=O)C1=CC=C(C=C1)NC(=O)C2=CC=C(C=C2)NC3=NC=CC(=N3)C4=CN=CC=C4CCCC,Kinase Inhibitor,4
CHEMBL1000514,Analog_514,CC1=C(C(=CC=C1)Cl)NC(=O)C2=CN=C(S2)NC3=CC(=NC(=N3)C)N4CCN(CC4)CCOCCCC,Kinase Inhibitor,4
CHEMBL1000515,Analog_515,CC1=CC2=C(C=C1)N=C(C3=CC=C(C=C3)S(=O)(=O)NC(C)C)N(N2)C4=CC=CC=C4CCCC,Kinase Inhibitor,4
CHEMBL1000516,Analog_516,CN1CCN(CC1)C2=CC=C(C=C2)NC3=NC=CC(=N3)C4=C(C5=C(C=CC=C5)N4)C6=CC=CC=C6CCCC,Kinase Inhibitor,4
CHEMBL1000517,Analog_517,C1CC(C1)C2=CC(=C(C=C2)C3=C(C=C4C(=N3)C=CN4)C5=CC(=CC=C5)NS(=O)(=O)C)FCCCC,Kinase Inhibitor,4
CHEMBL1000518,Analog_518,CC(C)(C)C1=NC(=C(S1)C2=CC(=NC(=N2)C3=CC=CC(=C3)F)C4=CC(=CC=C4)NS(=O)(=O)C)C5=CC=CC=C5CCCC,Kinase Inhibitor,4
CHEMBL1000519,Analog_519,CC1=C(C=C(C=C1)F)C(=O)NC2=CC=C(C=C2)C3=C(C=C4C(=N3)C=CN4)C5=CC(=CC=C5)S(=O)(=O)NCCCC,Kinase Inhibitor,4
CHEMBL1000520,Analog_520,CC1=C(C=C(C=C1)NC(=O)C2=CC=C(C=C2)CN3CCN(CC3)C)NC4=NC=CC(=N4)C5=CN=CC=C5,Kinase Inhibitor,4
CHEMBL1000521,Analog_521,COC1=C(C=C2C(=C1)N(C=N2)C3CCN(CC3)C(=O)C=C)NC4=CC(=C(C=C4)F)Cl,Kinase Inhibitor,4
CHEMBL1000522,Analog_522,CS(=O)(=O)CCNHCC1=CC=C(C=C1)C2=NC(=C(N2)C3=C4C=CNC4=NC=N3)C5=C(C=CC(=C5)O)O,Kinase Inhibitor,4
CHEMBL1000523,Analog_523,COCCOC1=C(C=C2C(=C1)N(C=N2)C3=CC(=C(C=C3)C#C)NC(=O)C=C)OC,Kinase Inhibitor,4
CHEMBL1000524,Analog_524,CN1CCN(CC1)CC2=CC3=C(C=C2)N=CN=C3NC4=CC(=C(C=C4)F)Cl,Kinase Inhibitor,4
CHEMBL1000525,Analog_525,CC(C)C1=NC(=C(N1)C2=NC=NC3=CC=C(C=C32)OC)C4=CC=C(C=C4)NC(=O)NC5=CC=C(C=C5)C(F)(F)F,Kinase Inhibitor,4
CHEMBL1000526,Analog_526,CN(C)C(=O)C1=CC=C(C=C1)NC(=O)C2=CC=C(C=C2)NC3=NC=CC(=N3)C4=CN=CC=C4,Kinase Inhibitor,4
CHEMBL1000527,Analog_527,CC1=C(C(=CC=C1)Cl)NC(=O)C2=CN=C(S2)NC3=CC(=NC(=N3)C)N4CCN(CC4)CCO,Kinase Inhibitor,4
CHEMBL1000528,Analog_528,CC1=CC2=C(C=C1)N=C(C3=CC=C(C=C3)S(=O)(=O)NC(C)C)N(N2)C4=CC=CC=C4,Kinase Inhibitor,4
CHEMBL1000529,Analog_529,CN1CCN(CC1)C2=CC=C(C=C2)NC3=NC=CC(=N3)C4=C(C5=C(C=CC=C5)N4)C6=CC=CC=C6,Kinase Inhibitor,4
CHEMBL1000530,Analog_530,C1CC(C1)C2=CC(=C(C=C2)C3=C(C=C4C(=N3)C=CN4)C5=CC(=CC=C5)NS(=O)(=O)C)F,Kinase Inhibitor,4
CHEMBL1000531,Analog_531,CC(C)(C)C1=NC(=C(S1)C2=CC(=NC(=N2)C3=CC=CC(=C3)F)C4=CC(=CC=C4)NS(=O)(=O)C)C5=CC=CC=C5,Kinase Inhibitor,4
CHEMBL1000532,Analog_532,CC1=C(C=C(C=C1)F)C(=O)NC2=CC=C(C=C2)C3=C(C=C4C(=N3)C=CN4)C5=CC(=CC=C5)S(=O)(=O)N,Kinase Inhibitor,4
CHEMBL1000533,Analog_533,CC1=C(C=C(C=C1)NC(=O)C2=CC=C(C=C2)CN3CCN(CC3)C)NC4=NC=CC(=N4)C5=CN=CC=C5C,Kinase Inhibitor,4
CHEMBL1000534,Analog_534,COC1=C(C=C2C(=C1)N(C=N2)C3CCN(CC3)C(=O)C=C)NC4=CC(=C(C=C4)F)ClC,Kinase Inhibitor,4
CHEMBL1000535,Analog_535,CS(=O)(=O)CCNHCC1=CC=C(C=C1)C2=NC(=C(N2)C3=C4C=CNC4=NC=N3)C5=C(C=CC(=C5)O)OC,Kinase Inhibitor,4
CHEMBL1000536,Analog_536,COCCOC1=C(C=C2C(=C1)N(C=N2)C3=CC(=C(C=C3)C#C)NC(=O)C=C)OCC,Kinase Inhibitor,4
CHEMBL1000537,Analog_537,CN1CCN(CC1)CC2=CC3=C(C=C2)N=CN=C3NC4=CC(=C(C=C4)F)ClC,Kinase Inhibitor,4
CHEMBL1000538,Analog_538,CC(C)C1=NC(=C(N1)C2=NC=NC3=CC=C(C=C32)OC)C4=CC=C(C=C4)NC(=O)NC5=CC=C(C=C5)C(F)(F)FC,Kinase Inhibitor,4
CHEMBL1000539,Analog_539,CN(C)C(=O)C1=CC=C(C=C1)NC(=O)C2=CC=C(C=C2)NC3=NC=CC(=N3)C4=CN=CC=C4C,Kinase Inhibitor,4
CHEMBL1000540,Analog_540,CC1=C(C(=CC=C1)Cl)NC(=O)C2=CN=C(S2)NC3=CC(=NC(=N3)C)N4CCN(CC4)CCOC,Kinase Inhibitor,4
CHEMBL1000541,Analog_541,CC1=CC2=C(C=C1)N=C(C3=CC=C(C=C3)S(=O)(=O)NC(C)C)N(N2)C4=CC=CC=C4C,Kinase Inhibitor,4
CHEMBL1000542,Analog_542,CN1CCN(CC1)C2=CC=C(C=C2)NC3=NC=CC(=N3)C4=C(C5=C(C=CC=C5)N4)C6=CC=CC=C6C,Kinase Inhibitor,4
CHEMBL1000543,Analog_543,C1CC(C1)C2=CC(=C(C=C2)C3=C(C=C4C(=N3)C=CN4)C5=CC(=CC=C5)NS(=O)(=O)C)FC,Kinase Inhibitor,4
CHEMBL1000544,Analog_544,CC(C)(C)C1=NC(=C(S1)C2=CC(=NC(=N2)C3=CC=CC(=C3)F)C4=CC(=CC=C4)NS(=O)(=O)C)C5=CC=CC=C5C,Kinase Inhibitor,4
CHEMBL1000545,Analog_545,CC1=C(C=C(C=C1)F)C(=O)NC2=CC=C(C=C2)C3=C(C=C4C(=N3)C=CN4)C5=CC(=CC=C5)S(=O)(=O)NC,Kinase Inhibitor,4
CHEMBL1000546,Analog_546,CC1=C(C=C(C=C1)NC(=O)C2=CC=C(C=C2)CN3CCN(CC3)C)NC4=NC=CC(=N4)C5=CN=CC=C5CC,Kinase Inhibitor,4
CHEMBL1000547,Analog_547,COC1=C(C=C2C(=C1)N(C=N2)C3CCN(CC3)C(=O)C=C)NC4=CC(=C(C=C4)F)ClCC,Kinase Inhibitor,4
CHEMBL1000548,Analog_548,CS(=O)(=O)CCNHCC1=CC=C(C=C1)C2=NC(=C(N2)C3=C4C=CNC4=NC=N3)C5=C(C=CC(=C5)O)OCC,Kinase Inhibitor,4
CHEMBL1000549,Analog_549,COCCOC1=C(C=C2C(=C1)N(C=N2)C3=CC(=C(C=C3)C#C)NC(=O)C=C)OCCC,Kinase Inhibitor,4
CHEMBL1000550,Analog_550,CN1CCN(CC1)CC2=CC3=C(C=C2)N=CN=C3NC4=CC(=C(C=C4)F)ClCC,Kinase Inhibitor,4
CHEMBL1000551,Analog_551,CC(C)C1=NC(=C(N1)C2=NC=NC3=CC=C(C=C32)OC)C4=CC=C(C=C4)NC(=O)NC5=CC=C(C=C5)C(F)(F)FCC,Kinase Inhibitor,4
CHEMBL1000552,Analog_552,CN(C)C(=O)C1=CC=C(C=C1)NC(=O)C2=CC=C(C=C2)NC3=NC=CC(=N3)C4=CN=CC=C4CC,Kinase Inhibitor,4
CHEMBL1000553,Analog_553,CC1=C(C(=CC=C1)Cl)NC(=O)C2=CN=C(S2)NC3=CC(=NC(=N3)C)N4CCN(CC4)CCOCC,Kinase Inhibitor,4
CHEMBL1000554,Analog_554,CC1=CC2=C(C=C1)N=C(C3=CC=C(C=C3)S(=O)(=O)NC(C)C)N(N2)C4=CC=CC=C4CC,Kinase Inhibitor,4
CHEMBL1000555,Analog_555,CN1CCN(CC1)C2=CC=C(C=C2)NC3=NC=CC(=N3)C4=C(C5=C(C=CC=C5)N4)C6=CC=CC=C6CC,Kinase Inhibitor,4
CHEMBL1000556,Analog_556,C1CC(C1)C2=CC(=C(C=C2)C3=C(C=C4C(=N3)C=CN4)C5=CC(=CC=C5)NS(=O)(=O)C)FCC,Kinase Inhibitor,4
CHEMBL1000557,Analog_557,CC(C)(C)C1=NC(=C(S1)C2=CC(=NC(=N2)C3=CC=CC(=C3)F)C4=CC(=CC=C4)NS(=O)(=O)C)C5=CC=CC=C5CC,Kinase Inhibitor,4
CHEMBL1000558,Analog_558,CC1=C(C=C(C=C1)F)C(=O)NC2=CC=C(C=C2)C3=C(C=C4C(=N3)C=CN4)C5=CC(=CC=C5)S(=O)(=O)NCC,Kinase Inhibitor,4
CHEMBL1000559,Analog_559,CC1=C(C=C(C=C1)NC(=O)C2=CC=C(C=C2)CN3CCN(CC3)C)NC4=NC=CC(=N4)C5=CN=CC=C5CCC,Kinase Inhibitor,4
CHEMBL1000560,Analog_560,COC1=C(C=C2C(=C1)N(C=N2)C3CCN(CC3)C(=O)C=C)NC4=CC(=C(C=C4)F)ClCCC,Kinase Inhibitor,4
CHEMBL1000561,Analog_561,CS(=O)(=O)CCNHCC1=CC=C(C=C1)C2=NC(=C(N2)C3=C4C=CNC4=NC=N3)C5=C(C=CC(=C5)O)OCCC,Kinase Inhibitor,4
CHEMBL1000562,Analog_562,COCCOC1=C(C=C2C(=C1)N(C=N2)C3=CC(=C(C=C3)C#C)NC(=O)C=C)OCCCC,Kinase Inhibitor,4
CHEMBL1000563,Analog_563,CN1CCN(CC1)CC2=CC3=C(C=C2)N=CN=C3NC4=CC(=C(C=C4)F)ClCCC,Kinase Inhibitor,4
CHEMBL1000564,Analog_564,CC(C)C1=NC(=C(N1)C2=NC=NC3=CC=C(C=C32)OC)C4=CC=C(C=C4)NC(=O)NC5=CC=C(C=C5)C(F)(F)FCCC,Kinase Inhibitor,4
CHEMBL1000565,Analog_565,CN(C)C(=O)C1=CC=C(C=C1)NC(=O)C2=CC=C(C=C2)NC3=NC=CC(=N3)C4=CN=CC=C4CCC,Kinase Inhibitor,4
CHEMBL1000566,Analog_566,CC1=C(C(=CC=C1)Cl)NC(=O)C2=CN=C(S2)NC3=CC(=NC(=N3)C)N4CCN(CC4)CCOCCC,Kinase Inhibitor,4
CHEMBL1000567,Analog_567,CC1=CC2=C(C=C1)N=C(C3=CC=C(C=C3)S(=O)(=O)NC(C)C)N(N2)C4=CC=CC=C4CCC,Kinase Inhibitor,4
CHEMBL1000568,Analog_568,CN1CCN(CC1)C2=CC=C(C=C2)NC3=NC=CC(=N3)C4=C(C5=C(C=CC=C5)N4)C6=CC=CC=C6CCC,Kinase Inhibitor,4
CHEMBL1000569,Analog_569,C1CC(C1)C2=CC(=C(C=C2)C3=C(C=C4C(=N3)C=CN4)C5=CC(=CC=C5)NS(=O)(=O)C)FCCC,Kinase Inhibitor,4
CHEMBL1000570,Analog_570,CC(C)(C)C1=NC(=C(S1)C2=CC(=NC(=N2)C3=CC=CC(=C3)F)C4=CC(=CC=C4)NS(=O)(=O)C)C5=CC=CC=C5CCC,Kinase Inhibitor,4
CHEMBL1000571,Analog_571,CC1=C(C=C(C=C1)F)C(=O)NC2=CC=C(C=C2)C3=C(C=C4C(=N3)C=CN4)C5=CC(=CC=C5)S(=O)(=O)NCCC,Kinase Inhibitor,4
CHEMBL1000572,Analog_572,CC1=C(C=C(C=C1)NC(=O)C2=CC=C(C=C2)CN3CCN(CC3)C)NC4=NC=CC(=N4)C5=CN=CC=C5CCCC,Kinase Inhibitor,4
CHEMBL1000573,Analog_573,COC1=C(C=C2C(=C1)N(C=N2)C3CCN(CC3)C(=O)C=C)NC4=CC(=C(C=C4)F)ClCCCC,Kinase Inhibitor,4
CHEMBL1000574,Analog_574,CS(=O)(=O)CCNHCC1=CC=C(C=C1)C2=NC(=C(N2)C3=C4C=CNC4=NC=N3)C5=C(C=CC(=C5)O)OCCCC,Kinase Inhibitor,4
CHEMBL1000575,Analog_575,COCCOC1=C(C=C2C(=C1)N(C=N2)C3=CC(=C(C=C3)C#C)NC(=O)C=C)OCCCCC,Kinase Inhibitor,4
CHEMBL1000576,Analog_576,CN1CCN(CC1)CC2=CC3=C(C=C2)N=CN=C3NC4=CC(=C(C=C4)F)ClCCCC,Kinase Inhibitor,4
CHEMBL1000577,Analog_577,CC(C)C1=NC(=C(N1)C2=NC=NC3=CC=C(C=C32)OC)C4=CC=C(C=C4)NC(=O)NC5=CC=C(C=C5)C(F)(F)FCCCC,Kinase Inhibitor,4
CHEMBL1000578,Analog_578,CN(C)C(=O)C1=CC=C(C=C1)NC(=O)C2=CC=C(C=C2)NC3=NC=CC(=N3)C4=CN=CC=C4CCCC,Kinase Inhibitor,4
CHEMBL1000579,Analog_579,CC1=C(C(=CC=C1)Cl)NC(=O)C2=CN=C(S2)NC3=CC(=NC(=N3)C)N4CCN(CC4)CCOCCCC,Kinase Inhibitor,4
CHEMBL1000580,Analog_580,CC1=CC2=C(C=C1)N=C(C3=CC=C(C=C3)S(=O)(=O)NC(C)C)N(N2)C4=CC=CC=C4CCCC,Kinase Inhibitor,4
CHEMBL1000581,Analog_581,CN1CCN(CC1)C2=CC=C(C=C2)NC3=NC=CC(=N3)C4=C(C5=C(C=CC=C5)N4)C6=CC=CC=C6CCCC,Kinase Inhibitor,4
CHEMBL1000582,Analog_582,C1CC(C1)C2=CC(=C(C=C2)C3=C(C=C4C(=N3)C=CN4)C5=CC(=CC=C5)NS(=O)(=O)C)FCCCC,Kinase Inhibitor,4
CHEMBL1000583,Analog_583,CC(C)(C)C1=NC(=C(S1)C2=CC(=NC(=N2)C3=CC=CC(=C3)F)C4=CC(=CC=C4)NS(=O)(=O)C)C5=CC=CC=C5CCCC,Kinase Inhibitor,4
CHEMBL1000584,Analog_584,CC1=C(C=C(C=C1)F)C(=O)NC2=CC=C(C=C2)C3=C(C=C4C(=N3)C=CN4)C5=CC(=CC=C5)S(=O)(=O)NCCCC,Kinase Inhibitor,4
CHEMBL1000585,Analog_585,CC1=C(C=C(C=C1)NC(=O)C2=CC=C(C=C2)CN3CCN(CC3)C)NC4=NC=CC(=N4)C5=CN=CC=C5,Kinase Inhibitor,4
CHEMBL1000586,Analog_586,COC1=C(C=C2C(=C1)N(C=N2)C3CCN(CC3)C(=O)C=C)NC4=CC(=C(C=C4)F)Cl,Kinase Inhibitor,4
CHEMBL1000587,Analog_587,CS(=O)(=O)CCNHCC1=CC=C(C=C1)C2=NC(=C(N2)C3=C4C=CNC4=NC=N3)C5=C(C=CC(=C5)O)O,Kinase Inhibitor,4
CHEMBL1000588,Analog_588,COCCOC1=C(C=C2C(=C1)N(C=N2)C3=CC(=C(C=C3)C#C)NC(=O)C=C)OC,Kinase Inhibitor,4
CHEMBL1000589,Analog_589,CN1CCN(CC1)CC2=CC3=C(C=C2)N=CN=C3NC4=CC(=C(C=C4)F)Cl,Kinase Inhibitor,4
CHEMBL1000590,Analog_590,CC(C)C1=NC(=C(N1)C2=NC=NC3=CC=C(C=C32)OC)C4=CC=C(C=C4)NC(=O)NC5=CC=C(C=C5)C(F)(F)F,Kinase Inhibitor,4
CHEMBL1000591,Analog_591,CN(C)C(=O)C1=CC=C(C=C1)NC(=O)C2=CC=C(C=C2)NC3=NC=CC(=N3)C4=CN=CC=C4,Kinase Inhibitor,4
CHEMBL1000592,Analog_592,CC1=C(C(=CC=C1)Cl)NC(=O)C2=CN=C(S2)NC3=CC(=NC(=N3)C)N4CCN(CC4)CCO,Kinase Inhibitor,4
CHEMBL1000593,Analog_593,CC1=CC2=C(C=C1)N=C(C3=CC=C(C=C3)S(=O)(=O)NC(C)C)N(N2)C4=CC=CC=C4,Kinase Inhibitor,4
CHEMBL1000594,Analog_594,CN1CCN(CC1)C2=CC=C(C=C2)NC3=NC=CC(=N3)C4=C(C5=C(C=CC=C5)N4)C6=CC=CC=C6,Kinase Inhibitor,4
CHEMBL1000595,Analog_595,C1CC(C1)C2=CC(=C(C=C2)C3=C(C=C4C(=N3)C=CN4)C5=CC(=CC=C5)NS(=O)(=O)C)F,Kinase Inhibitor,4
CHEMBL1000596,Analog_596,CC(C)(C)C1=NC(=C(S1)C2=CC(=NC(=N2)C3=CC=CC(=C3)F)C4=CC(=CC=C4)NS(=O)(=O)C)C5=CC=CC=C5,Kinase Inhibitor,4
CHEMBL1000597,Analog_597,CC1=C(C=C(C=C1)F)C(=O)NC2=CC=C(C=C2)C3=C(C=C4C(=N3)C=CN4)C5=CC(=CC=C5)S(=O)(=O)N,Kinase Inhibitor,4
CHEMBL1000598,Analog_598,CC1=C(C=C(C=C1)NC(=O)C2=CC=C(C=C2)CN3CCN(CC3)C)NC4=NC=CC(=N4)C5=CN=CC=C5C,Kinase Inhibitor,4
CHEMBL1000599,Analog_599,COC1=C(C=C2C(=C1)N(C=N2)C3CCN(CC3)C(=O)C=C)NC4=CC(=C(C=C4)F)ClC,Kinase Inhibitor,4
CHEMBL1000600,Analog_600,CS(=O)(=O)CCNHCC1=CC=C(C=C1)C2=NC(=C(N2)C3=C4C=CNC4=NC=N3)C5=C(C=CC(=C5)O)OC,Kinase Inhibitor,4
CHEMBL1000601,Analog_601,COCCOC1=C(C=C2C(=C1)N(C=N2)C3=CC(=C(C=C3)C#C)NC(=O)C=C)OCC,Kinase Inhibitor,4
CHEMBL1000602,Analog_602,CN1CCN(CC1)CC2=CC3=C(C=C2)N=CN=C3NC4=CC(=C(C=C4)F)ClC,Kinase Inhibitor,4
CHEMBL1000603,Analog_603,CC(C)C1=NC(=C(N1)C2=NC=NC3=CC=C(C=C32)OC)C4=CC=C(C=C4)NC(=O)NC5=CC=C(C=C5)C(F)(F)FC,Kinase Inhibitor,4
CHEMBL1000604,Analog_604,CN(C)C(=O)C1=CC=C(C=C1)NC(=O)C2=CC=C(C=C2)NC3=NC=CC(=N3)C4=CN=CC=C4C,Kinase Inhibitor,4
CHEMBL1000605,Analog_605,CC1=C(C(=CC=C1)Cl)NC(=O)C2=CN=C(S2)NC3=CC(=NC(=N3)C)N4CCN(CC4)CCOC,Kinase Inhibitor,4
CHEMBL1000606,Analog_606,CC1=CC2=C(C=C1)N=C(C3=CC=C(C=C3)S(=O)(=O)NC(C)C)N(N2)C4=CC=CC=C4C,Kinase Inhibitor,4
CHEMBL1000607,Analog_607,CN1CCN(CC1)C2=CC=C(C=C2)NC3=NC=CC(=N3)C4=C(C5=C(C=CC=C5)N4)C6=CC=CC=C6C,Kinase Inhibitor,4
CHEMBL1000608,Analog_608,C1CC(C1)C2=CC(=C(C=C2)C3=C(C=C4C(=N3)C=CN4)C5=CC(=CC=C5)NS(=O)(=O)C)FC,Kinase Inhibitor,4
CHEMBL1000609,Analog_609,CC(C)(C)C1=NC(=C(S1)C2=CC(=NC(=N2)C3=CC=CC(=C3)F)C4=CC(=CC=C4)NS(=O)(=O)C)C5=CC=CC=C5C,Kinase Inhibitor,4
CHEMBL1000610,Analog_610,CC1=C(C=C(C=C1)F)C(=O)NC2=CC=C(C=C2)C3=C(C=C4C(=N3)C=CN4)C5=CC(=CC=C5)S(=O)(=O)NC,Kinase Inhibitor,4
CHEMBL1000611,Analog_611,CC1=C(C=C(C=C1)NC(=O)C2=CC=C(C=C2)CN3CCN(CC3)C)NC4=NC=CC(=N4)C5=CN=CC=C5CC,Kinase Inhibitor,4
CHEMBL1000612,Analog_612,COC1=C(C=C2C(=C1)N(C=N2)C3CCN(CC3)C(=O)C=C)NC4=CC(=C(C=C4)F)ClCC,Kinase Inhibitor,4
CHEMBL1000613,Analog_613,CS(=O)(=O)CCNHCC1=CC=C(C=C1)C2=NC(=C(N2)C3=C4C=CNC4=NC=N3)C5=C(C=CC(=C5)O)OCC,Kinase Inhibitor,4
CHEMBL1000614,Analog_614,COCCOC1=C(C=C2C(=C1)N(C=N2)C3=CC(=C(C=C3)C#C)NC(=O)C=C)OCCC,Kinase Inhibitor,4
CHEMBL1000615,Analog_615,CN1CCN(CC1)CC2=CC3=C(C=C2)N=CN=C3NC4=CC(=C(C=C4)F)ClCC,Kinase Inhibitor,4
CHEMBL1000616,Analog_616,CC(C)C1=NC(=C(N1)C2=NC=NC3=CC=C(C=C32)OC)C4=CC=C(C=C4)NC(=O)NC5=CC=C(C=C5)C(F)(F)FCC,Kinase Inhibitor,4
CHEMBL1000617,Analog_617,CN(C)C(=O)C1=CC=C(C=C1)NC(=O)C2=CC=C(C=C2)NC3=NC=CC(=N3)C4=CN=CC=C4CC,Kinase Inhibitor,4
CHEMBL1000618,Analog_618,CC1=C(C(=CC=C1)Cl)NC(=O)C2=CN=C(S2)NC3=CC(=NC(=N3)C)N4CCN(CC4)CCOCC,Kinase Inhibitor,4
CHEMBL1000619,Analog_619,CC1=CC2=C(C=C1)N=C(C3=CC=C(C=C3)S(=O)(=O)NC(C)C)N(N2)C4=CC=CC=C4CC,Kinase Inhibitor,4
CHEMBL1000620,Analog_620,CN1CCN(CC1)C2=CC=C(C=C2)NC3=NC=CC(=N3)C4=C(C5=C(C=CC=C5)N4)C6=CC=CC=C6CC,Kinase Inhibitor,4
CHEMBL1000621,Analog_621,C1CC(C1)C2=CC(=C(C=C2)C3=C(C=C4C(=N3)C=CN4)C5=CC(=CC=C5)NS(=O)(=O)C)FCC,Kinase Inhibitor,4
CHEMBL1000622,Analog_622,CC(C)(C)C1=NC(=C(S1)C2=CC(=NC(=N2)C3=CC=CC(=C3)F)C4=CC(=CC=C4)NS(=O)(=O)C)C5=CC=CC=C5CC,Kinase Inhibitor,4
CHEMBL1000623,Analog_623,CC1=C(C=C(C=C1)F)C(=O)NC2=CC=C(C=C2)C3=C(C=C4C(=N3)C=CN4)C5=CC(=CC=C5)S(=O)(=O)NCC,Kinase Inhibitor,4
CHEMBL1000624,Analog_624,CC1=C(C=C(C=C1)NC(=O)C2=CC=C(C=C2)CN3CCN(CC3)C)NC4=NC=CC(=N4)C5=CN=CC=C5CCC,Kinase Inhibitor,4
CHEMBL1000625,Analog_625,COC1=C(C=C2C(=C1)N(C=N2)C3CCN(CC3)C(=O)C=C)NC4=CC(=C(C=C4)F)ClCCC,Kinase Inhibitor,4
CHEMBL1000626,Analog_626,CS(=O)(=O)CCNHCC1=CC=C(C=C1)C2=NC(=C(N2)C3=C4C=CNC4=NC=N3)C5=C(C=CC(=C5)O)OCCC,Kinase Inhibitor,4
CHEMBL1000627,Analog_627,COCCOC1=C(C=C2C(=C1)N(C=N2)C3=CC(=C(C=C3)C#C)NC(=O)C=C)OCCCC,Kinase Inhibitor,4
CHEMBL1000628,Analog_628,CN1CCN(CC1)CC2=CC3=C(C=C2)N=CN=C3NC4=CC(=C(C=C4)F)ClCCC,Kinase Inhibitor,4
CHEMBL1000629,Analog_629,CC(C)C1=NC(=C(N1)C2=NC=NC3=CC=C(C=C32)OC)C4=CC=C(C=C4)NC(=O)NC5=CC=C(C=C5)C(F)(F)FCCC,Kinase Inhibitor,4
CHEMBL1000630,Analog_630,CN(C)C(=O)C1=CC=C(C=C1)NC(=O)C2=CC=C(C=C2)NC3=NC=CC(=N3)C4=CN=CC=C4CCC,Kinase Inhibitor,4
CHEMBL1000631,Analog_631,CC1=C(C(=CC=C1)Cl)NC(=O)C2=CN=C(S2)NC3=CC(=NC(=N3)C)N4CCN(CC4)CCOCCC,Kinase Inhibitor,4
CHEMBL1000632,Analog_632,CC1=CC2=C(C=C1)N=C(C3=CC=C(C=C3)S(=O)(=O)NC(C)C)N(N2)C4=CC=CC=C4CCC,Kinase Inhibitor,4
CHEMBL1000633,Analog_633,CN1CCN(CC1)C2=CC=C(C=C2)NC3=NC=CC(=N3)C4=C(C5=C(C=CC=C5)N4)C6=CC=CC=C6CCC,Kinase Inhibitor,4
CHEMBL1000634,Analog_634,C1CC(C1)C2=CC(=C(C=C2)C3=C(C=C4C(=N3)C=CN4)C5=CC(=CC=C5)NS(=O)(=O)C)FCCC,Kinase Inhibitor,4
CHEMBL1000635,Analog_635,CC(C)(C)C1=NC(=C(S1)C2=CC(=NC(=N2)C3=CC=CC(=C3)F)C4=CC(=CC=C4)NS(=O)(=O)C)C5=CC=CC=C5CCC,Kinase Inhibitor,4
CHEMBL1000636,Analog_636,CC1=C(C=C(C=C1)F)C(=O)NC2=CC=C(C=C2)C3=C(C=C4C(=N3)C=CN4)C5=CC(=CC=C5)S(=O)(=O)NCCC,Kinase Inhibitor,4
CHEMBL1000637,Analog_637,CC1=C(C=C(C=C1)NC(=O)C2=CC=C(C=C2)CN3CCN(CC3)C)NC4=NC=CC(=N4)C5=CN=CC=C5CCCC,Kinase Inhibitor,4
CHEMBL1000638,Analog_638,COC1=C(C=C2C(=C1)N(C=N2)C3CCN(CC3)C(=O)C=C)NC4=CC(=C(C=C4)F)ClCCCC,Kinase Inhibitor,4
CHEMBL1000639,Analog_639,CS(=O)(=O)CCNHCC1=CC=C(C=C1)C2=NC(=C(N2)C3=C4C=CNC4=NC=N3)C5=C(C=CC(=C5)O)OCCCC,Kinase Inhibitor,4
CHEMBL1000640,Analog_640,COCCOC1=C(C=C2C(=C1)N(C=N2)C3=CC(=C(C=C3)C#C)NC(=O)C=C)OCCCCC,Kinase Inhibitor,4
CHEMBL1000641,Analog_641,CN1CCN(CC1)CC2=CC3=C(C=C2)N=CN=C3NC4=CC(=C(C=C4)F)ClCCCC,Kinase Inhibitor,4
CHEMBL1000642,Analog_642,CC(C)C1=NC(=C(N1)C2=NC=NC3=CC=C(C=C32)OC)C4=CC=C(C=C4)NC(=O)NC5=CC=C(C=C5)C(F)(F)FCCCC,Kinase Inhibitor,4
CHEMBL1000643,Analog_643,CN(C)C(=O)C1=CC=C(C=C1)NC(=O)C2=CC=C(C=C2)NC3=NC=CC(=N3)C4=CN=CC=C4CCCC,Kinase Inhibitor,4
CHEMBL1000644,Analog_644,CC1=C(C(=CC=C1)Cl)NC(=O)C2=CN=C(S2)NC3=CC(=NC(=N3)C)N4CCN(CC4)CCOCCCC,Kinase Inhibitor,4
CHEMBL1000645,Analog_645,CC1=CC2=C(C=C1)N=C(C3=CC=C(C=C3)S(=O)(=O)NC(C)C)N(N2)C4=CC=CC=C4CCCC,Kinase Inhibitor,4
CHEMBL1000646,Analog_646,CN1CCN(CC1)C2=CC=C(C=C2)NC3=NC=CC(=N3)C4=C(C5=C(C=CC=C5)N4)C6=CC=CC=C6CCCC,Kinase Inhibitor,4
CHEMBL1000647,Analog_647,C1CC(C1)C2=CC(=C(C=C2)C3=C(C=C4C(=N3)C=CN4)C5=CC(=CC=C5)NS(=O)(=O)C)FCCCC,Kinase Inhibitor,4
CHEMBL1000648,Analog_648,CC(C)(C)C1=NC(=C(S1)C2=CC(=NC(=N2)C3=CC=CC(=C3)F)C4=CC(=CC=C4)NS(=O)(=O)C)C5=CC=CC=C5CCCC,Kinase Inhibitor,4
CHEMBL1000649,Analog_649,CC1=C(C=C(C=C1)F)C(=O)NC2=CC=C(C=C2)C3=C(C=C4C(=N3)C=CN4)C5=CC(=CC=C5)S(=O)(=O)NCCCC,Kinase Inhibitor,4
CHEMBL1000650,Analog_650,CC1=C(C=C(C=C1)NC(=O)C2=CC=C(C=C2)CN3CCN(CC3)C)NC4=NC=CC(=N4)C5=CN=CC=C5,Kinase Inhibitor,4
CHEMBL1000651,Analog_651,COC1=C(C=C2C(=C1)N(C=N2)C3CCN(CC3)C(=O)C=C)NC4=CC(=C(C=C4)F)Cl,Kinase Inhibitor,4
CHEMBL1000652,Analog_652,CS(=O)(=O)CCNHCC1=CC=C(C=C1)C2=NC(=C(N2)C3=C4C=CNC4=NC=N3)C5=C(C=CC(=C5)O)O,Kinase Inhibitor,4
CHEMBL1000653,Analog_653,COCCOC1=C(C=C2C(=C1)N(C=N2)C3=CC(=C(C=C3)C#C)NC(=O)C=C)OC,Kinase Inhibitor,4
CHEMBL1000654,Analog_654,CN1CCN(CC1)CC2=CC3=C(C=C2)N=CN=C3NC4=CC(=C(C=C4)F)Cl,Kinase Inhibitor,4
CHEMBL1000655,Analog_655,CC(C)C1=NC(=C(N1)C2=NC=NC3=CC=C(C=C32)OC)C4=CC=C(C=C4)NC(=O)NC5=CC=C(C=C5)C(F)(F)F,Kinase Inhibitor,4
CHEMBL1000656,Analog_656,CN(C)C(=O)C1=CC=C(C=C1)NC(=O)C2=CC=C(C=C2)NC3=NC=CC(=N3)C4=CN=CC=C4,Kinase Inhibitor,4
CHEMBL1000657,Analog_657,CC1=C(C(=CC=C1)Cl)NC(=O)C2=CN=C(S2)NC3=CC(=NC(=N3)C)N4CCN(CC4)CCO,Kinase Inhibitor,4
CHEMBL1000658,Analog_658,CC1=CC2=C(C=C1)N=C(C3=CC=C(C=C3)S(=O)(=O)NC(C)C)N(N2)C4=CC=CC=C4,Kinase Inhibitor,4
CHEMBL1000659,Analog_659,CN1CCN(CC1)C2=CC=C(C=C2)NC3=NC=CC(=N3)C4=C(C5=C(C=CC=C5)N4)C6=CC=CC=C6,Kinase Inhibitor,4
CHEMBL1000660,Analog_660,C1CC(C1)C2=CC(=C(C=C2)C3=C(C=C4C(=N3)C=CN4)C5=CC(=CC=C5)NS(=O)(=O)C)F,Kinase Inhibitor,4
CHEMBL1000661,Analog_661,CC(C)(C)C1=NC(=C(S1)C2=CC(=NC(=N2)C3=CC=CC(=C3)F)C4=CC(=CC=C4)NS(=O)(=O)C)C5=CC=CC=C5,Kinase Inhibitor,4
CHEMBL1000662,Analog_662,CC1=C(C=C(C=C1)F)C(=O)NC2=CC=C(C=C2)C3=C(C=C4C(=N3)C=CN4)C5=CC(=CC=C5)S(=O)(=O)N,Kinase Inhibitor,4
CHEMBL1000663,Analog_663,CC1=C(C=C(C=C1)NC(=O)C2=CC=C(C=C2)CN3CCN(CC3)C)NC4=NC=CC(=N4)C5=CN=CC=C5C,Kinase Inhibitor,4
CHEMBL1000664,Analog_664,COC1=C(C=C2C(=C1)N(C=N2)C3CCN(CC3)C(=O)C=C)NC4=CC(=C(C=C4)F)ClC,Kinase Inhibitor,4
CHEMBL1000665,Analog_665,CS(=O)(=O)CCNHCC1=CC=C(C=C1)C2=NC(=C(N2)C3=C4C=CNC4=NC=N3)C5=C(C=CC(=C5)O)OC,Kinase Inhibitor,4
CHEMBL1000666,Analog_666,COCCOC1=C(C=C2C(=C1)N(C=N2)C3=CC(=C(C=C3)C#C)NC(=O)C=C)OCC,Kinase Inhibitor,4
CHEMBL1000667,Analog_667,CN1CCN(CC1)CC2=CC3=C(C=C2)N=CN=C3NC4=CC(=C(C=C4)F)ClC,Kinase Inhibitor,4
CHEMBL1000668,Analog_668,CC(C)C1=NC(=C(N1)C2=NC=NC3=CC=C(C=C32)OC)C4=CC=C(C=C4)NC(=O)NC5=CC=C(C=C5)C(F)(F)FC,Kinase Inhibitor,4
CHEMBL1000669,Analog_669,CN(C)C(=O)C1=CC=C(C=C1)NC(=O)C2=CC=C(C=C2)NC3=NC=CC(=N3)C4=CN=CC=C4C,Kinase Inhibitor,4
CHEMBL1000670,Analog_670,CC1=C(C(=CC=C1)Cl)NC(=O)C2=CN=C(S2)NC3=CC(=NC(=N3)C)N4CCN(CC4)CCOC,Kinase Inhibitor,4
CHEMBL1000671,Analog_671,CC1=CC2=C(C=C1)N=C(C3=CC=C(C=C3)S(=O)(=O)NC(C)C)N(N2)C4=CC=CC=C4C,Kinase Inhibitor,4
CHEMBL1000672,Analog_672,CN1CCN(CC1)C2=CC=C(C=C2)NC3=NC=CC(=N3)C4=C(C5=C(C=CC=C5)N4)C6=CC=CC=C6C,Kinase Inhibitor,4
CHEMBL1000673,Analog_673,C1CC(C1)C2=CC(=C(C=C2)C3=C(C=C4C(=N3)C=CN4)C5=CC(=CC=C5)NS(=O)(=O)C)FC,Kinase Inhibitor,4
CHEMBL1000674,Analog_674,CC(C)(C)C1=NC(=C(S1)C2=CC(=NC(=N2)C3=CC=CC(=C3)F)C4=CC(=CC=C4)NS(=O)(=O)C)C5=CC=CC=C5C,Kinase Inhibitor,4
CHEMBL1000675,Analog_675,CC1=C(C=C(C=C1)F)C(=O)NC2=CC=C(C=C2)C3=C(C=C4C(=N3)C=CN4)C5=CC(=CC=C5)S(=O)(=O)NC,Kinase Inhibitor,4
CHEMBL1000676,Analog_676,CC1=C(C=C(C=C1)NC(=O)C2=CC=C(C=C2)CN3CCN(CC3)C)NC4=NC=CC(=N4)C5=CN=CC=C5CC,Kinase Inhibitor,4
CHEMBL1000677,Analog_677,COC1=C(C=C2C(=C1)N(C=N2)C3CCN(CC3)C(=O)C=C)NC4=CC(=C(C=C4)F)ClCC,Kinase Inhibitor,4
CHEMBL1000678,Analog_678,CS(=O)(=O)CCNHCC1=CC=C(C=C1)C2=NC(=C(N2)C3=C4C=CNC4=NC=N3)C5=C(C=CC(=C5)O)OCC,Kinase Inhibitor,4
CHEMBL1000679,Analog_679,COCCOC1=C(C=C2C(=C1)N(C=N2)C3=CC(=C(C=C3)C#C)NC(=O)C=C)OCCC,Kinase Inhibitor,4
CHEMBL1000680,Analog_680,CN1CCN(CC1)CC2=CC3=C(C=C2)N=CN=C3NC4=CC(=C(C=C4)F)ClCC,Kinase Inhibitor,4
CHEMBL1000681,Analog_681,CC(C)C1=NC(=C(N1)C2=NC=NC3=CC=C(C=C32)OC)C4=CC=C(C=C4)NC(=O)NC5=CC=C(C=C5)C(F)(F)FCC,Kinase Inhibitor,4
CHEMBL1000682,Analog_682,CN(C)C(=O)C1=CC=C(C=C1)NC(=O)C2=CC=C(C=C2)NC3=NC=CC(=N3)C4=CN=CC=C4CC,Kinase Inhibitor,4
CHEMBL1000683,Analog_683,CC1=C(C(=CC=C1)Cl)NC(=O)C2=CN=C(S2)NC3=CC(=NC(=N3)C)N4CCN(CC4)CCOCC,Kinase Inhibitor,4
CHEMBL1000684,Analog_684,CC1=CC2=C(C=C1)N=C(C3=CC=C(C=C3)S(=O)(=O)NC(C)C)N(N2)C4=CC=CC=C4CC,Kinase Inhibitor,4
CHEMBL1000685,Analog_685,CN1CCN(CC1)C2=CC=C(C=C2)NC3=NC=CC(=N3)C4=C(C5=C(C=CC=C5)N4)C6=CC=CC=C6CC,Kinase Inhibitor,4
CHEMBL1000686,Analog_686,C1CC(C1)C2=CC(=C(C=C2)C3=C(C=C4C(=N3)C=CN4)C5=CC(=CC=C5)NS(=O)(=O)C)FCC,Kinase Inhibitor,4
CHEMBL1000687,Analog_687,CC(C)(C)C1=NC(=C(S1)C2=CC(=NC(=N2)C3=CC=CC(=C3)F)C4=CC(=CC=C4)NS(=O)(=O)C)C5=CC=CC=C5CC,Kinase Inhibitor,4
CHEMBL1000688,Analog_688,CC1=C(C=C(C=C1)F)C(=O)NC2=CC=C(C=C2)C3=C(C=C4C(=N3)C=CN4)C5=CC(=CC=C5)S(=O)(=O)NCC,Kinase Inhibitor,4
CHEMBL1000689,Analog_689,CC1=C(C=C(C=C1)NC(=O)C2=CC=C(C=C2)CN3CCN(CC3)C)NC4=NC=CC(=N4)C5=CN=CC=C5CCC,Kinase Inhibitor,4
CHEMBL1000690,Analog_690,COC1=C(C=C2C(=C1)N(C=N2)C3CCN(CC3)C(=O)C=C)NC4=CC(=C(C=C4)F)ClCCC,Kinase Inhibitor,4
CHEMBL1000691,Analog_691,CS(=O)(=O)CCNHCC1=CC=C(C=C1)C2=NC(=C(N2)C3=C4C=CNC4=NC=N3)C5=C(C=CC(=C5)O)OCCC,Kinase Inhibitor,4
CHEMBL1000692,Analog_692,COCCOC1=C(C=C2C(=C1)N(C=N2)C3=CC(=C(C=C3)C#C)NC(=O)C=C)OCCCC,Kinase Inhibitor,4
CHEMBL1000693,Analog_693,CN1CCN(CC1)CC2=CC3=C(C=C2)N=CN=C3NC4=CC(=C(C=C4)F)ClCCC,Kinase Inhibitor,4
CHEMBL1000694,Analog_694,CC(C)C1=NC(=C(N1)C2=NC=NC3=CC=C(C=C32)OC)C4=CC=C(C=C4)NC(=O)NC5=CC=C(C=C5)C(F)(F)FCCC,Kinase Inhibitor,4
CHEMBL1000695,Analog_695,CN(C)C(=O)C1=CC=C(C=C1)NC(=O)C2=CC=C(C=C2)NC3=NC=CC(=N3)C4=CN=CC=C4CCC,Kinase Inhibitor,4
CHEMBL1000696,Analog_696,CC1=C(C(=CC=C1)Cl)NC(=O)C2=CN=C(S2)NC3=CC(=NC(=N3)C)N4CCN(CC4)CCOCCC,Kinase Inhibitor,4
CHEMBL1000697,Analog_697,CC1=CC2=C(C=C1)N=C(C3=CC=C(C=C3)S(=O)(=O)NC(C)C)N(N2)C4=CC=CC=C4CCC,Kinase Inhibitor,4
CHEMBL1000698,Analog_698,CN1CCN(CC1)C2=CC=C(C=C2)NC3=NC=CC(=N3)C4=C(C5=C(C=CC=C5)N4)C6=CC=CC=C6CCC,Kinase Inhibitor,4
CHEMBL1000699,Analog_699,C1CC(C1)C2=CC(=C(C=C2)C3=C(C=C4C(=N3)C=CN4)C5=CC(=CC=C5)NS(=O)(=O)C)FCCC,Kinase Inhibitor,4
CHEMBL1000700,Analog_700,CC(C)(C)C1=NC(=C(S1)C2=CC(=NC(=N2)C3=CC=CC(=C3)F)C4=CC(=CC=C4)NS(=O)(=O)C)C5=CC=CC=C5CCC,Kinase Inhibitor,4
CHEMBL1000701,Analog_701,CC1=C(C=C(C=C1)F)C(=O)NC2=CC=C(C=C2)C3=C(C=C4C(=N3)C=CN4)C5=CC(=CC=C5)S(=O)(=O)NCCC,Kinase Inhibitor,4
CHEMBL1000702,Analog_702,CC1=C(C=C(C=C1)NC(=O)C2=CC=C(C=C2)CN3CCN(CC3)C)NC4=NC=CC(=N4)C5=CN=CC=C5CCCC,Kinase Inhibitor,4
CHEMBL1000703,Analog_703,COC1=C(C=C2C(=C1)N(C=N2)C3CCN(CC3)C(=O)C=C)NC4=CC(=C(C=C4)F)ClCCCC,Kinase Inhibitor,4
CHEMBL1000704,Analog_704,CS(=O)(=O)CCNHCC1=CC=C(C=C1)C2=NC(=C(N2)C3=C4C=CNC4=NC=N3)C5=C(C=CC(=C5)O)OCCCC,Kinase Inhibitor,4
CHEMBL1000705,Analog_705,COCCOC1=C(C=C2C(=C1)N(C=N2)C3=CC(=C(C=C3)C#C)NC(=O)C=C)OCCCCC,Kinase Inhibitor,4
CHEMBL1000706,Analog_706,CN1CCN(CC1)CC2=CC3=C(C=C2)N=CN=C3NC4=CC(=C(C=C4)F)ClCCCC,Kinase Inhibitor,4
CHEMBL1000707,Analog_707,CC(C)C1=NC(=C(N1)C2=NC=NC3=CC=C(C=C32)OC)C4=CC=C(C=C4)NC(=O)NC5=CC=C(C=C5)C(F)(F)FCCCC,Kinase Inhibitor,4
CHEMBL1000708,Analog_708,CN(C)C(=O)C1=CC=C(C=C1)NC(=O)C2=CC=C(C=C2)NC3=NC=CC(=N3)C4=CN=CC=C4CCCC,Kinase Inhibitor,4
CHEMBL1000709,Analog_709,CC1=C(C(=CC=C1)Cl)NC(=O)C2=CN=C(S2)NC3=CC(=NC(=N3)C)N4CCN(CC4)CCOCCCC,Kinase Inhibitor,4
CHEMBL1000710,Analog_710,CC1=CC2=C(C=C1)N=C(C3=CC=C(C=C3)S(=O)(=O)NC(C)C)N(N2)C4=CC=CC=C4CCCC,Kinase Inhibitor,4
CHEMBL1000711,Analog_711,CN1CCN(CC1)C2=CC=C(C=C2)NC3=NC=CC(=N3)C4=C(C5=C(C=CC=C5)N4)C6=CC=CC=C6CCCC,Kinase Inhibitor,4
CHEMBL1000712,Analog_712,C1CC(C1)C2=CC(=C(C=C2)C3=C(C=C4C(=N3)C=CN4)C5=CC(=CC=C5)NS(=O)(=O)C)FCCCC,Kinase Inhibitor,4
CHEMBL1000713,Analog_713,CC(C)(C)C1=NC(=C(S1)C2=CC(=NC(=N2)C3=CC=CC(=C3)F)C4=CC(=CC=C4)NS(=O)(=O)C)C5=CC=CC=C5CCCC,Kinase Inhibitor,4
CHEMBL1000714,Analog_714,CC1=C(C=C(C=C1)F)C(=O)NC2=CC=C(C=C2)C3=C(C=C4C(=N3)C=CN4)C5=CC(=CC=C5)S(=O)(=O)NCCCC,Kinase Inhibitor,4
CHEMBL1000715,Analog_715,CC1=C(C=C(C=C1)NC(=O)C2=CC=C(C=C2)CN3CCN(CC3)C)NC4=NC=CC(=N4)C5=CN=CC=C5,Kinase Inhibitor,4
CHEMBL1000716,Analog_716,COC1=C(C=C2C(=C1)N(C=N2)C3CCN(CC3)C(=O)C=C)NC4=CC(=C(C=C4)F)Cl,Kinase Inhibitor,4
CHEMBL1000717,Analog_717,CS(=O)(=O)CCNHCC1=CC=C(C=C1)C2=NC(=C(N2)C3=C4C=CNC4=NC=N3)C5=C(C=CC(=C5)O)O,Kinase Inhibitor,4
CHEMBL1000718,Analog_718,COCCOC1=C(C=C2C(=C1)N(C=N2)C3=CC(=C(C=C3)C#C)NC(=O)C=C)OC,Kinase Inhibitor,4
CHEMBL1000719,Analog_719,CN1CCN(CC1)CC2=CC3=C(C=C2)N=CN=C3NC4=CC(=C(C=C4)F)Cl,Kinase Inhibitor,4
CHEMBL1000720,Analog_720,CC(C)C1=NC(=C(N1)C2=NC=NC3=CC=C(C=C32)OC)C4=CC=C(C=C4)NC(=O)NC5=CC=C(C=C5)C(F)(F)F,Kinase Inhibitor,4
CHEMBL1000721,Analog_721,CN(C)C(=O)C1=CC=C(C=C1)NC(=O)C2=CC=C(C=C2)NC3=NC=CC(=N3)C4=CN=CC=C4,Kinase Inhibitor,4
CHEMBL1000722,Analog_722,CC1=C(C(=CC=C1)Cl)NC(=O)C2=CN=C(S2)NC3=CC(=NC(=N3)C)N4CCN(CC4)CCO,Kinase Inhibitor,4
CHEMBL1000723,Analog_723,CC1=CC2=C(C=C1)N=C(C3=CC=C(C=C3)S(=O)(=O)NC(C)C)N(N2)C4=CC=CC=C4,Kinase Inhibitor,4
CHEMBL1000724,Analog_724,CN1CCN(CC1)C2=CC=C(C=C2)NC3=NC=CC(=N3)C4=C(C5=C(C=CC=C5)N4)C6=CC=CC=C6,Kinase Inhibitor,4
CHEMBL1000725,Analog_725,C1CC(C1)C2=CC(=C(C=C2)C3=C(C=C4C(=N3)C=CN4)C5=CC(=CC=C5)NS(=O)(=O)C)F,Kinase Inhibitor,4
CHEMBL1000726,Analog_726,CC(C)(C)C1=NC(=C(S1)C2=CC(=NC(=N2)C3=CC=CC(=C3)F)C4=CC(=CC=C4)NS(=O)(=O)C)C5=CC=CC=C5,Kinase Inhibitor,4
CHEMBL1000727,Analog_727,CC1=C(C=C(C=C1)F)C(=O)NC2=CC=C(C=C2)C3=C(C=C4C(=N3)C=CN4)C5=CC(=CC=C5)S(=O)(=O)N,Kinase Inhibitor,4
CHEMBL1000728,Analog_728,CC1=C(C=C(C=C1)NC(=O)C2=CC=C(C=C2)CN3CCN(CC3)C)NC4=NC=CC(=N4)C5=CN=CC=C5C,Kinase Inhibitor,4
CHEMBL1000729,Analog_729,COC1=C(C=C2C(=C1)N(C=N2)C3CCN(CC3)C(=O)C=C)NC4=CC(=C(C=C4)F)ClC,Kinase Inhibitor,4
CHEMBL1000730,Analog_730,CS(=O)(=O)CCNHCC1=CC=C(C=C1)C2=NC(=C(N2)C3=C4C=CNC4=NC=N3)C5=C(C=CC(=C5)O)OC,Kinase Inhibitor,4
CHEMBL1000731,Analog_731,COCCOC1=C(C=C2C(=C1)N(C=N2)C3=CC(=C(C=C3)C#C)NC(=O)C=C)OCC,Kinase Inhibitor,4
CHEMBL1000732,Analog_732,CN1CCN(CC1)CC2=CC3=C(C=C2)N=CN=C3NC4=CC(=C(C=C4)F)ClC,Kinase Inhibitor,4
CHEMBL1000733,Analog_733,CC(C)C1=NC(=C(N1)C2=NC=NC3=CC=C(C=C32)OC)C4=CC=C(C=C4)NC(=O)NC5=CC=C(C=C5)C(F)(F)FC,Kinase Inhibitor,4
CHEMBL1000734,Analog_734,CN(C)C(=O)C1=CC=C(C=C1)NC(=O)C2=CC=C(C=C2)NC3=NC=CC(=N3)C4=CN=CC=C4C,Kinase Inhibitor,4
CHEMBL1000735,Analog_735,CC1=C(C(=CC=C1)Cl)NC(=O)C2=CN=C(S2)NC3=CC(=NC(=N3)C)N4CCN(CC4)CCOC,Kinase Inhibitor,4
CHEMBL1000736,Analog_736,CC1=CC2=C(C=C1)N=C(C3=CC=C(C=C3)S(=O)(=O)NC(C)C)N(N2)C4=CC=CC=C4C,Kinase Inhibitor,4
CHEMBL1000737,Analog_737,CN1CCN(CC1)C2=CC=C(C=C2)NC3=NC=CC(=N3)C4=C(C5=C(C=CC=C5)N4)C6=CC=CC=C6C,Kinase Inhibitor,4
CHEMBL1000738,Analog_738,C1CC(C1)C2=CC(=C(C=C2)C3=C(C=C4C(=N3)C=CN4)C5=CC(=CC=C5)NS(=O)(=O)C)FC,Kinase Inhibitor,4
CHEMBL1000739,Analog_739,CC(C)(C)C1=NC(=C(S1)C2=CC(=NC(=N2)C3=CC=CC(=C3)F)C4=CC(=CC=C4)NS(=O)(=O)C)C5=CC=CC=C5C,Kinase Inhibitor,4
CHEMBL1000740,Analog_740,CC1=C(C=C(C=C1)F)C(=O)NC2=CC=C(C=C2)C3=C(C=C4C(=N3)C=CN4)C5=CC(=CC=C5)S(=O)(=O)NC,Kinase Inhibitor,4
CHEMBL1000741,Analog_741,CC1=C(C=C(C=C1)NC(=O)C2=CC=C(C=C2)CN3CCN(CC3)C)NC4=NC=CC(=N4)C5=CN=CC=C5CC,Kinase Inhibitor,4
CHEMBL1000742,Analog_742,COC1=C(C=C2C(=C1)N(C=N2)C3CCN(CC3)C(=O)C=C)NC4=CC(=C(C=C4)F)ClCC,Kinase Inhibitor,4
CHEMBL1000743,Analog_743,CS(=O)(=O)CCNHCC1=CC=C(C=C1)C2=NC(=C(N2)C3=C4C=CNC4=NC=N3)C5=C(C=CC(=C5)O)OCC,Kinase Inhibitor,4
CHEMBL1000744,Analog_744,COCCOC1=C(C=C2C(=C1)N(C=N2)C3=CC(=C(C=C3)C#C)NC(=O)C=C)OCCC,Kinase Inhibitor,4
CHEMBL1000745,Analog_745,CN1CCN(CC1)CC2=CC3=C(C=C2)N=CN=C3NC4=CC(=C(C=C4)F)ClCC,Kinase Inhibitor,4
CHEMBL1000746,Analog_746,CC(C)C1=NC(=C(N1)C2=NC=NC3=CC=C(C=C32)OC)C4=CC=C(C=C4)NC(=O)NC5=CC=C(C=C5)C(F)(F)FCC,Kinase Inhibitor,4
CHEMBL1000747,Analog_747,CN(C)C(=O)C1=CC=C(C=C1)NC(=O)C2=CC=C(C=C2)NC3=NC=CC(=N3)C4=CN=CC=C4CC,Kinase Inhibitor,4
CHEMBL1000748,Analog_748,CC1=C(C(=CC=C1)Cl)NC(=O)C2=CN=C(S2)NC3=CC(=NC(=N3)C)N4CCN(CC4)CCOCC,Kinase Inhibitor,4
CHEMBL1000749,Analog_749,CC1=CC2=C(C=C1)N=C(C3=CC=C(C=C3)S(=O)(=O)NC(C)C)N(N2)C4=CC=CC=C4CC,Kinase Inhibitor,4
CHEMBL1000750,Analog_750,CN1CCN(CC1)C2=CC=C(C=C2)NC3=NC=CC(=N3)C4=C(C5=C(C=CC=C5)N4)C6=CC=CC=C6CC,Kinase Inhibitor,4
CHEMBL1000751,Analog_751,C1CC(C1)C2=CC(=C(C=C2)C3=C(C=C4C(=N3)C=CN4)C5=CC(=CC=C5)NS(=O)(=O)C)FCC,Kinase Inhibitor,4
CHEMBL1000752,Analog_752,CC(C)(C)C1=NC(=C(S1)C2=CC(=NC(=N2)C3=CC=CC(=C3)F)C4=CC(=CC=C4)NS(=O)(=O)C)C5=CC=CC=C5CC,Kinase Inhibitor,4
CHEMBL1000753,Analog_753,CC1=C(C=C(C=C1)F)C(=O)NC2=CC=C(C=C2)C3=C(C=C4C(=N3)C=CN4)C5=CC(=CC=C5)S(=O)(=O)NCC,Kinase Inhibitor,4
CHEMBL1000754,Analog_754,CC1=C(C=C(C=C1)NC(=O)C2=CC=C(C=C2)CN3CCN(CC3)C)NC4=NC=CC(=N4)C5=CN=CC=C5CCC,Kinase Inhibitor,4
CHEMBL1000755,Analog_755,COC1=C(C=C2C(=C1)N(C=N2)C3CCN(CC3)C(=O)C=C)NC4=CC(=C(C=C4)F)ClCCC,Kinase Inhibitor,4
CHEMBL1000756,Analog_756,CS(=O)(=O)CCNHCC1=CC=C(C=C1)C2=NC(=C(N2)C3=C4C=CNC4=NC=N3)C5=C(C=CC(=C5)O)OCCC,Kinase Inhibitor,4
CHEMBL1000757,Analog_757,COCCOC1=C(C=C2C(=C1)N(C=N2)C3=CC(=C(C=C3)C#C)NC(=O)C=C)OCCCC,Kinase Inhibitor,4
CHEMBL1000758,Analog_758,CN1CCN(CC1)CC2=CC3=C(C=C2)N=CN=C3NC4=CC(=C(C=C4)F)ClCCC,Kinase Inhibitor,4
CHEMBL1000759,Analog_759,CC(C)C1=NC(=C(N1)C2=NC=NC3=CC=C(C=C32)OC)C4=CC=C(C=C4)NC(=O)NC5=CC=C(C=C5)C(F)(F)FCCC,Kinase Inhibitor,4
CHEMBL1000760,Analog_760,CN(C)C(=O)C1=CC=C(C=C1)NC(=O)C2=CC=C(C=C2)NC3=NC=CC(=N3)C4=CN=CC=C4CCC,Kinase Inhibitor,4
CHEMBL1000761,Analog_761,CC1=C(C(=CC=C1)Cl)NC(=O)C2=CN=C(S2)NC3=CC(=NC(=N3)C)N4CCN(CC4)CCOCCC,Kinase Inhibitor,4
CHEMBL1000762,Analog_762,CC1=CC2=C(C=C1)N=C(C3=CC=C(C=C3)S(=O)(=O)NC(C)C)N(N2)C4=CC=CC=C4CCC,Kinase Inhibitor,4
CHEMBL1000763,Analog_763,CN1CCN(CC1)C2=CC=C(C=C2)NC3=NC=CC(=N3)C4=C(C5=C(C=CC=C5)N4)C6=CC=CC=C6CCC,Kinase Inhibitor,4
CHEMBL1000764,Analog_764,C1CC(C1)C2=CC(=C(C=C2)C3=C(C=C4C(=N3)C=CN4)C5=CC(=CC=C5)NS(=O)(=O)C)FCCC,Kinase Inhibitor,4
CHEMBL1000765,Analog_765,CC(C)(C)C1=NC(=C(S1)C2=CC(=NC(=N2)C3=CC=CC(=C3)F)C4=CC(=CC=C4)NS(=O)(=O)C)C5=CC=CC=C5CCC,Kinase Inhibitor,4
CHEMBL1000766,Analog_766,CC1=C(C=C(C=C1)F)C(=O)NC2=CC=C(C=C2)C3=C(C=C4C(=N3)C=CN4)C5=CC(=CC=C5)S(=O)(=O)NCCC,Kinase Inhibitor,4
CHEMBL1000767,Analog_767,CC1=C(C=C(C=C1)NC(=O)C2=CC=C(C=C2)CN3CCN(CC3)C)NC4=NC=CC(=N4)C5=CN=CC=C5CCCC,Kinase Inhibitor,4
CHEMBL1000768,Analog_768,COC1=C(C=C2C(=C1)N(C=N2)C3CCN(CC3)C(=O)C=C)NC4=CC(=C(C=C4)F)ClCCCC,Kinase Inhibitor,4
CHEMBL1000769,Analog_769,CS(=O)(=O)CCNHCC1=CC=C(C=C1)C2=NC(=C(N2)C3=C4C=CNC4=NC=N3)C5=C(C=CC(=C5)O)OCCCC,Kinase Inhibitor,4
CHEMBL1000770,Analog_770,COCCOC1=C(C=C2C(=C1)N(C=N2)C3=CC(=C(C=C3)C#C)NC(=O)C=C)OCCCCC,Kinase Inhibitor,4
CHEMBL1000771,Analog_771,CN1CCN(CC1)CC2=CC3=C(C=C2)N=CN=C3NC4=CC(=C(C=C4)F)ClCCCC,Kinase Inhibitor,4
CHEMBL1000772,Analog_772,CC(C)C1=NC(=C(N1)C2=NC=NC3=CC=C(C=C32)OC)C4=CC=C(C=C4)NC(=O)NC5=CC=C(C=C5)C(F)(F)FCCCC,Kinase Inhibitor,4
CHEMBL1000773,Analog_773,CN(C)C(=O)C1=CC=C(C=C1)NC(=O)C2=CC=C(C=C2)NC3=NC=CC(=N3)C4=CN=CC=C4CCCC,Kinase Inhibitor,4
CHEMBL1000774,Analog_774,CC1=C(C(=CC=C1)Cl)NC(=O)C2=CN=C(S2)NC3=CC(=NC(=N3)C)N4CCN(CC4)CCOCCCC,Kinase Inhibitor,4
CHEMBL1000775,Analog_775,CC1=CC2=C(C=C1)N=C(C3=CC=C(C=C3)S(=O)(=O)NC(C)C)N(N2)C4=CC=CC=C4CCCC,Kinase Inhibitor,4
CHEMBL1000776,Analog_776,CN1CCN(CC1)C2=CC=C(C=C2)NC3=NC=CC(=N3)C4=C(C5=C(C=CC=C5)N4)C6=CC=CC=C6CCCC,Kinase Inhibitor,4
CHEMBL1000777,Analog_777,C1CC(C1)C2=CC(=C(C=C2)C3=C(C=C4C(=N3)C=CN4)C5=CC(=CC=C5)NS(=O)(=O)C)FCCCC,Kinase Inhibitor,4
CHEMBL1000778,Analog_778,CC(C)(C)C1=NC(=C(S1)C2=CC(=NC(=N2)C3=CC=CC(=C3)F)C4=CC(=CC=C4)NS(=O)(=O)C)C5=CC=CC=C5CCCC,Kinase Inhibitor,4
CHEMBL1000779,Analog_779,CC1=C(C=C(C=C1)F)C(=O)NC2=CC=C(C=C2)C3=C(C=C4C(=N3)C=CN4)C5=CC(=CC=C5)S(=O)(=O)NCCCC,Kinase Inhibitor,4
CHEMBL1000780,Analog_780,CC1=C(C=C(C=C1)NC(=O)C2=CC=C(C=C2)CN3CCN(CC3)C)NC4=NC=CC(=N4)C5=CN=CC=C5,Kinase Inhibitor,4
CHEMBL1000781,Analog_781,COC1=C(C=C2C(=C1)N(C=N2)C3CCN(CC3)C(=O)C=C)NC4=CC(=C(C=C4)F)Cl,Kinase Inhibitor,4
CHEMBL1000782,Analog_782,CS(=O)(=O)CCNHCC1=CC=C(C=C1)C2=NC(=C(N2)C3=C4C=CNC4=NC=N3)C5=C(C=CC(=C5)O)O,Kinase Inhibitor,4
CHEMBL1000783,Analog_783,COCCOC1=C(C=C2C(=C1)N(C=N2)C3=CC(=C(C=C3)C#C)NC(=O)C=C)OC,Kinase Inhibitor,4
CHEMBL1000784,Analog_784,CN1CCN(CC1)CC2=CC3=C(C=C2)N=CN=C3NC4=CC(=C(C=C4)F)Cl,Kinase Inhibitor,4
CHEMBL1000785,Analog_785,CC(C)C1=NC(=C(N1)C2=NC=NC3=CC=C(C=C32)OC)C4=CC=C(C=C4)NC(=O)NC5=CC=C(C=C5)C(F)(F)F,Kinase Inhibitor,4
CHEMBL1000786,Analog_786,CN(C)C(=O)C1=CC=C(C=C1)NC(=O)C2=CC=C(C=C2)NC3=NC=CC(=N3)C4=CN=CC=C4,Kinase Inhibitor,4
CHEMBL1000787,Analog_787,CC1=C(C(=CC=C1)Cl)NC(=O)C2=CN=C(S2)NC3=CC(=NC(=N3)C)N4CCN(CC4)CCO,Kinase Inhibitor,4
CHEMBL1000788,Analog_788,CC1=CC2=C(C=C1)N=C(C3=CC=C(C=C3)S(=O)(=O)NC(C)C)N(N2)C4=CC=CC=C4,Kinase Inhibitor,4
CHEMBL1000789,Analog_789,CN1CCN(CC1)C2=CC=C(C=C2)NC3=NC=CC(=N3)C4=C(C5=C(C=CC=C5)N4)C6=CC=CC=C6,Kinase Inhibitor,4
CHEMBL1000790,Analog_790,C1CC(C1)C2=CC(=C(C=C2)C3=C(C=C4C(=N3)C=CN4)C5=CC(=CC=C5)NS(=O)(=O)C)F,Kinase Inhibitor,4
CHEMBL1000791,Analog_791,CC(C)(C)C1=NC(=C(S1)C2=CC(=NC(=N2)C3=CC=CC(=C3)F)C4=CC(=CC=C4)NS(=O)(=O)C)C5=CC=CC=C5,Kinase Inhibitor,4
CHEMBL1000792,Analog_792,CC1=C(C=C(C=C1)F)C(=O)NC2=CC=C(C=C2)C3=C(C=C4C(=N3)C=CN4)C5=CC(=CC=C5)S(=O)(=O)N,Kinase Inhibitor,4
CHEMBL1000793,Analog_793,CC1=C(C=C(C=C1)NC(=O)C2=CC=C(C=C2)CN3CCN(CC3)C)NC4=NC=CC(=N4)C5=CN=CC=C5C,Kinase Inhibitor,4
CHEMBL1000794,Analog_794,COC1=C(C=C2C(=C1)N(C=N2)C3CCN(CC3)C(=O)C=C)NC4=CC(=C(C=C4)F)ClC,Kinase Inhibitor,4
CHEMBL1000795,Analog_795,CS(=O)(=O)CCNHCC1=CC=C(C=C1)C2=NC(=C(N2)C3=C4C=CNC4=NC=N3)C5=C(C=CC(=C5)O)OC,Kinase Inhibitor,4
CHEMBL1000796,Analog_796,COCCOC1=C(C=C2C(=C1)N(C=N2)C3=CC(=C(C=C3)C#C)NC(=O)C=C)OCC,Kinase Inhibitor,4
CHEMBL1000797,Analog_797,CN1CCN(CC1)CC2=CC3=C(C=C2)N=CN=C3NC4=CC(=C(C=C4)F)ClC,Kinase Inhibitor,4
CHEMBL1000798,Analog_798,CC(C)C1=NC(=C(N1)C2=NC=NC3=CC=C(C=C32)OC)C4=CC=C(C=C4)NC(=O)NC5=CC=C(C=C5)C(F)(F)FC,Kinase Inhibitor,4
CHEMBL1000799,Analog_799,CN(C)C(=O)C1=CC=C(C=C1)NC(=O)C2=CC=C(C=C2)NC3=NC=CC(=N3)C4=CN=CC=C4C,Kinase Inhibitor,4
CHEMBL1000800,Analog_800,CC1=C(C(=CC=C1)Cl)NC(=O)C2=CN=C(S2)NC3=CC(=NC(=N3)C)N4CCN(CC4)CCOC,Kinase Inhibitor,4
CHEMBL1000801,Analog_801,CC1=CC2=C(C=C1)N=C(C3=CC=C(C=C3)S(=O)(=O)NC(C)C)N(N2)C4=CC=CC=C4C,Kinase Inhibitor,4
CHEMBL1000802,Analog_802,CN1CCN(CC1)C2=CC=C(C=C2)NC3=NC=CC(=N3)C4=C(C5=C(C=CC=C5)N4)C6=CC=CC=C6C,Kinase Inhibitor,4
CHEMBL1000803,Analog_803,C1CC(C1)C2=CC(=C(C=C2)C3=C(C=C4C(=N3)C=CN4)C5=CC(=CC=C5)NS(=O)(=O)C)FC,Kinase Inhibitor,4
CHEMBL1000804,Analog_804,CC(C)(C)C1=NC(=C(S1)C2=CC(=NC(=N2)C3=CC=CC(=C3)F)C4=CC(=CC=C4)NS(=O)(=O)C)C5=CC=CC=C5C,Kinase Inhibitor,4
CHEMBL1000805,Analog_805,CC1=C(C=C(C=C1)F)C(=O)NC2=CC=C(C=C2)C3=C(C=C4C(=N3)C=CN4)C5=CC(=CC=C5)S(=O)(=O)NC,Kinase Inhibitor,4
CHEMBL1000806,Analog_806,CC1=C(C=C(C=C1)NC(=O)C2=CC=C(C=C2)CN3CCN(CC3)C)NC4=NC=CC(=N4)C5=CN=CC=C5CC,Kinase Inhibitor,4
CHEMBL1000807,Analog_807,COC1=C(C=C2C(=C1)N(C=N2)C3CCN(CC3)C(=O)C=C)NC4=CC(=C(C=C4)F)ClCC,Kinase Inhibitor,4
CHEMBL1000808,Analog_808,CS(=O)(=O)CCNHCC1=CC=C(C=C1)C2=NC(=C(N2)C3=C4C=CNC4=NC=N3)C5=C(C=CC(=C5)O)OCC,Kinase Inhibitor,4
CHEMBL1000809,Analog_809,COCCOC1=C(C=C2C(=C1)N(C=N2)C3=CC(=C(C=C3)C#C)NC(=O)C=C)OCCC,Kinase Inhibitor,4
CHEMBL1000810,Analog_810,CN1CCN(CC1)CC2=CC3=C(C=C2)N=CN=C3NC4=CC(=C(C=C4)F)ClCC,Kinase Inhibitor,4
CHEMBL1000811,Analog_811,CC(C)C1=NC(=C(N1)C2=NC=NC3=CC=C(C=C32)OC)C4=CC=C(C=C4)NC(=O)NC5=CC=C(C=C5)C(F)(F)FCC,Kinase Inhibitor,4
CHEMBL1000812,Analog_812,CN(C)C(=O)C1=CC=C(C=C1)NC(=O)C2=CC=C(C=C2)NC3=NC=CC(=N3)C4=CN=CC=C4CC,Kinase Inhibitor,4
CHEMBL1000813,Analog_813,CC1=C(C(=CC=C1)Cl)NC(=O)C2=CN=C(S2)NC3=CC(=NC(=N3)C)N4CCN(CC4)CCOCC,Kinase Inhibitor,4
CHEMBL1000814,Analog_814,CC1=CC2=C(C=C1)N=C(C3=CC=C(C=C3)S(=O)(=O)NC(C)C)N(N2)C4=CC=CC=C4CC,Kinase Inhibitor,4
CHEMBL1000815,Analog_815,CN1CCN(CC1)C2=CC=C(C=C2)NC3=NC=CC(=N3)C4=C(C5=C(C=CC=C5)N4)C6=CC=CC=C6CC,Kinase Inhibitor,4
CHEMBL1000816,Analog_816,C1CC(C1)C2=CC(=C(C=C2)C3=C(C=C4C(=N3)C=CN4)C5=CC(=CC=C5)NS(=O)(=O)C)FCC,Kinase Inhibitor,4
CHEMBL1000817,Analog_817,CC(C)(C)C1=NC(=C(S1)C2=CC(=NC(=N2)C3=CC=CC(=C3)F)C4=CC(=CC=C4)NS(=O)(=O)C)C5=CC=CC=C5CC,Kinase Inhibitor,4
CHEMBL1000818,Analog_818,CC1=C(C=C(C=C1)F)C(=O)NC2=CC=C(C=C2)C3=C(C=C4C(=N3)C=CN4)C5=CC(=CC=C5)S(=O)(=O)NCC,Kinase Inhibitor,4
CHEMBL1000819,Analog_819,CC1=C(C=C(C=C1)NC(=O)C2=CC=C(C=C2)CN3CCN(CC3)C)NC4=NC=CC(=N4)C5=CN=CC=C5CCC,Kinase Inhibitor,4
CHEMBL1000820,Analog_820,COC1=C(C=C2C(=C1)N(C=N2)C3CCN(CC3)C(=O)C=C)NC4=CC(=C(C=C4)F)ClCCC,Kinase Inhibitor,4
CHEMBL1000821,Analog_821,CS(=O)(=O)CCNHCC1=CC=C(C=C1)C2=NC(=C(N2)C3=C4C=CNC4=NC=N3)C5=C(C=CC(=C5)O)OCCC,Kinase Inhibitor,4
CHEMBL1000822,Analog_822,COCCOC1=C(C=C2C(=C1)N(C=N2)C3=CC(=C(C=C3)C#C)NC(=O)C=C)OCCCC,Kinase Inhibitor,4
CHEMBL1000823,Analog_823,CN1CCN(CC1)CC2=CC3=C(C=C2)N=CN=C3NC4=CC(=C(C=C4)F)ClCCC,Kinase Inhibitor,4
CHEMBL1000824,Analog_824,CC(C)C1=NC(=C(N1)C2=NC=NC3=CC=C(C=C32)OC)C4=CC=C(C=C4)NC(=O)NC5=CC=C(C=C5)C(F)(F)FCCC,Kinase Inhibitor,4
CHEMBL1000825,Analog_825,CN(C)C(=O)C1=CC=C(C=C1)NC(=O)C2=CC=C(C=C2)NC3=NC=CC(=N3)C4=CN=CC=C4CCC,Kinase Inhibitor,4
CHEMBL1000826,Analog_826,CC1=C(C(=CC=C1)Cl)NC(=O)C2=CN=C(S2)NC3=CC(=NC(=N3)C)N4CCN(CC4)CCOCCC,Kinase Inhibitor,4
CHEMBL1000827,Analog_827,CC1=CC2=C(C=C1)N=C(C3=CC=C(C=C3)S(=O)(=O)NC(C)C)N(N2)C4=CC=CC=C4CCC,Kinase Inhibitor,4
CHEMBL1000828,Analog_828,CN1CCN(CC1)C2=CC=C(C=C2)NC3=NC=CC(=N3)C4=C(C5=C(C=CC=C5)N4)C6=CC=CC=C6CCC,Kinase Inhibitor,4
CHEMBL1000829,Analog_829,C1CC(C1)C2=CC(=C(C=C2)C3=C(C=C4C(=N3)C=CN4)C5=CC(=CC=C5)NS(=O)(=O)C)FCCC,Kinase Inhibitor,4
CHEMBL1000830,Analog_830,CC(C)(C)C1=NC(=C(S1)C2=CC(=NC(=N2)C3=CC=CC(=C3)F)C4=CC(=CC=C4)NS(=O)(=O)C)C5=CC=CC=C5CCC,Kinase Inhibitor,4
CHEMBL1000831,Analog_831,CC1=C(C=C(C=C1)F)C(=O)NC2=CC=C(C=C2)C3=C(C=C4C(=N3)C=CN4)C5=CC(=CC=C5)S(=O)(=O)NCCC,Kinase Inhibitor,4
CHEMBL1000832,Analog_832,CC1=C(C=C(C=C1)NC(=O)C2=CC=C(C=C2)CN3CCN(CC3)C)NC4=NC=CC(=N4)C5=CN=CC=C5CCCC,Kinase Inhibitor,4
CHEMBL1000833,Analog_833,COC1=C(C=C2C(=C1)N(C=N2)C3CCN(CC3)C(=O)C=C)NC4=CC(=C(C=C4)F)ClCCCC,Kinase Inhibitor,4
CHEMBL1000834,Analog_834,CS(=O)(=O)CCNHCC1=CC=C(C=C1)C2=NC(=C(N2)C3=C4C=CNC4=NC=N3)C5=C(C=CC(=C5)O)OCCCC,Kinase Inhibitor,4
CHEMBL1000835,Analog_835,COCCOC1=C(C=C2C(=C1)N(C=N2)C3=CC(=C(C=C3)C#C)NC(=O)C=C)OCCCCC,Kinase Inhibitor,4
CHEMBL1000836,Analog_836,CN1CCN(CC1)CC2=CC3=C(C=C2)N=CN=C3NC4=CC(=C(C=C4)F)ClCCCC,Kinase Inhibitor,4
CHEMBL1000837,Analog_837,CC(C)C1=NC(=C(N1)C2=NC=NC3=CC=C(C=C32)OC)C4=CC=C(C=C4)NC(=O)NC5=CC=C(C=C5)C(F)(F)FCCCC,Kinase Inhibitor,4
CHEMBL1000838,Analog_838,CN(C)C(=O)C1=CC=C(C=C1)NC(=O)C2=CC=C(C=C2)NC3=NC=CC(=N3)C4=CN=CC=C4CCCC,Kinase Inhibitor,4
CHEMBL1000839,Analog_839,CC1=C(C(=CC=C1)Cl)NC(=O)C2=CN=C(S2)NC3=CC(=NC(=N3)C)N4CCN(CC4)CCOCCCC,Kinase Inhibitor,4
CHEMBL1000840,Analog_840,CC1=CC2=C(C=C1)N=C(C3=CC=C(C=C3)S(=O)(=O)NC(C)C)N(N2)C4=CC=CC=C4CCCC,Kinase Inhibitor,4
CHEMBL1000841,Analog_841,CN1CCN(CC1)C2=CC=C(C=C2)NC3=NC=CC(=N3)C4=C(C5=C(C=CC=C5)N4)C6=CC=CC=C6CCCC,Kinase Inhibitor,4
CHEMBL1000842,Analog_842,C1CC(C1)C2=CC(=C(C=C2)C3=C(C=C4C(=N3)C=CN4)C5=CC(=CC=C5)NS(=O)(=O)C)FCCCC,Kinase Inhibitor,4
CHEMBL1000843,Analog_843,CC(C)(C)C1=NC(=C(S1)C2=CC(=NC(=N2)C3=CC=CC(=C3)F)C4=CC(=CC=C4)NS(=O)(=O)C)C5=CC=CC=C5CCCC,Kinase Inhibitor,4
CHEMBL1000844,Analog_844,CC1=C(C=C(C=C1)F)C(=O)NC2=CC=C(C=C2)C3=C(C=C4C(=N3)C=CN4)C5=CC(=CC=C5)S(=O)(=O)NCCCC,Kinase Inhibitor,4
CHEMBL1000845,Analog_845,CC1=C(C=C(C=C1)NC(=O)C2=CC=C(C=C2)CN3CCN(CC3)C)NC4=NC=CC(=N4)C5=CN=CC=C5,Kinase Inhibitor,4
CHEMBL1000846,Analog_846,COC1=C(C=C2C(=C1)N(C=N2)C3CCN(CC3)C(=O)C=C)NC4=CC(=C(C=C4)F)Cl,Kinase Inhibitor,4
CHEMBL1000847,Analog_847,CS(=O)(=O)CCNHCC1=CC=C(C=C1)C2=NC(=C(N2)C3=C4C=CNC4=NC=N3)C5=C(C=CC(=C5)O)O,Kinase Inhibitor,4
CHEMBL1000848,Analog_848,COCCOC1=C(C=C2C(=C1)N(C=N2)C3=CC(=C(C=C3)C#C)NC(=O)C=C)OC,Kinase Inhibitor,4
CHEMBL1000849,Analog_849,CN1CCN(CC1)CC2=CC3=C(C=C2)N=CN=C3NC4=CC(=C(C=C4)F)Cl,Kinase Inhibitor,4
CHEMBL1000850,Analog_850,CC(C)C1=NC(=C(N1)C2=NC=NC3=CC=C(C=C32)OC)C4=CC=C(C=C4)NC(=O)NC5=CC=C(C=C5)C(F)(F)F,Kinase Inhibitor,4
CHEMBL1000851,Analog_851,CN(C)C(=O)C1=CC=C(C=C1)NC(=O)C2=CC=C(C=C2)NC3=NC=CC(=N3)C4=CN=CC=C4,Kinase Inhibitor,4
CHEMBL1000852,Analog_852,CC1=C(C(=CC=C1)Cl)NC(=O)C2=CN=C(S2)NC3=CC(=NC(=N3)C)N4CCN(CC4)CCO,Kinase Inhibitor,4
CHEMBL1000853,Analog_853,CC1=CC2=C(C=C1)N=C(C3=CC=C(C=C3)S(=O)(=O)NC(C)C)N(N2)C4=CC=CC=C4,Kinase Inhibitor,4
CHEMBL1000854,Analog_854,CN1CCN(CC1)C2=CC=C(C=C2)NC3=NC=CC(=N3)C4=C(C5=C(C=CC=C5)N4)C6=CC=CC=C6,Kinase Inhibitor,4
CHEMBL1000855,Analog_855,C1CC(C1)C2=CC(=C(C=C2)C3=C(C=C4C(=N3)C=CN4)C5=CC(=CC=C5)NS(=O)(=O)C)F,Kinase Inhibitor,4
CHEMBL1000856,Analog_856,CC(C)(C)C1=NC(=C(S1)C2=CC(=NC(=N2)C3=CC=CC(=C3)F)C4=CC(=CC=C4)NS(=O)(=O)C)C5=CC=CC=C5,Kinase Inhibitor,4
CHEMBL1000857,Analog_857,CC1=C(C=C(C=C1)F)C(=O)NC2=CC=C(C=C2)C3=C(C=C4C(=N3)C=CN4)C5=CC(=CC=C5)S(=O)(=O)N,Kinase Inhibitor,4
CHEMBL1000858,Analog_858,CC1=C(C=C(C=C1)NC(=O)C2=CC=C(C=C2)CN3CCN(CC3)C)NC4=NC=CC(=N4)C5=CN=CC=C5C,Kinase Inhibitor,4
CHEMBL1000859,Analog_859,COC1=C(C=C2C(=C1)N(C=N2)C3CCN(CC3)C(=O)C=C)NC4=CC(=C(C=C4)F)ClC,Kinase Inhibitor,4
CHEMBL1000860,Analog_860,CS(=O)(=O)CCNHCC1=CC=C(C=C1)C2=NC(=C(N2)C3=C4C=CNC4=NC=N3)C5=C(C=CC(=C5)O)OC,Kinase Inhibitor,4
CHEMBL1000861,Analog_861,COCCOC1=C(C=C2C(=C1)N(C=N2)C3=CC(=C(C=C3)C#C)NC(=O)C=C)OCC,Kinase Inhibitor,4
CHEMBL1000862,Analog_862,CN1CCN(CC1)CC2=CC3=C(C=C2)N=CN=C3NC4=CC(=C(C=C4)F)ClC,Kinase Inhibitor,4
CHEMBL1000863,Analog_863,CC(C)C1=NC(=C(N1)C2=NC=NC3=CC=C(C=C32)OC)C4=CC=C(C=C4)NC(=O)NC5=CC=C(C=C5)C(F)(F)FC,Kinase Inhibitor,4
CHEMBL1000864,Analog_864,CN(C)C(=O)C1=CC=C(C=C1)NC(=O)C2=CC=C(C=C2)NC3=NC=CC(=N3)C4=CN=CC=C4C,Kinase Inhibitor,4
CHEMBL1000865,Analog_865,CC1=C(C(=CC=C1)Cl)NC(=O)C2=CN=C(S2)NC3=CC(=NC(=N3)C)N4CCN(CC4)CCOC,Kinase Inhibitor,4
CHEMBL1000866,Analog_866,CC1=CC2=C(C=C1)N=C(C3=CC=C(C=C3)S(=O)(=O)NC(C)C)N(N2)C4=CC=CC=C4C,Kinase Inhibitor,4
CHEMBL1000867,Analog_867,CN1CCN(CC1)C2=CC=C(C=C2)NC3=NC=CC(=N3)C4=C(C5=C(C=CC=C5)N4)C6=CC=CC=C6C,Kinase Inhibitor,4
CHEMBL1000868,Analog_868,C1CC(C1)C2=CC(=C(C=C2)C3=C(C=C4C(=N3)C=CN4)C5=CC(=CC=C5)NS(=O)(=O)C)FC,Kinase Inhibitor,4
CHEMBL1000869,Analog_869,CC(C)(C)C1=NC(=C(S1)C2=CC(=NC(=N2)C3=CC=CC(=C3)F)C4=CC(=CC=C4)NS(=O)(=O)C)C5=CC=CC=C5C,Kinase Inhibitor,4
CHEMBL1000870,Analog_870,CC1=C(C=C(C=C1)F)C(=O)NC2=CC=C(C=C2)C3=C(C=C4C(=N3)C=CN4)C5=CC(=CC=C5)S(=O)(=O)NC,Kinase Inhibitor,4
CHEMBL1000871,Analog_871,CC1=C(C=C(C=C1)NC(=O)C2=CC=C(C=C2)CN3CCN(CC3)C)NC4=NC=CC(=N4)C5=CN=CC=C5CC,Kinase Inhibitor,4
CHEMBL1000872,Analog_872,COC1=C(C=C2C(=C1)N(C=N2)C3CCN(CC3)C(=O)C=C)NC4=CC(=C(C=C4)F)ClCC,Kinase Inhibitor,4
CHEMBL1000873,Analog_873,CS(=O)(=O)CCNHCC1=CC=C(C=C1)C2=NC(=C(N2)C3=C4C=CNC4=NC=N3)C5=C(C=CC(=C5)O)OCC,Kinase Inhibitor,4
CHEMBL1000874,Analog_874,COCCOC1=C(C=C2C(=C1)N(C=N2)C3=CC(=C(C=C3)C#C)NC(=O)C=C)OCCC,Kinase Inhibitor,4
CHEMBL1000875,Analog_875,CN1CCN(CC1)CC2=CC3=C(C=C2)N=CN=C3NC4=CC(=C(C=C4)F)ClCC,Kinase Inhibitor,4
CHEMBL1000876,Analog_876,CC(C)C1=NC(=C(N1)C2=NC=NC3=CC=C(C=C32)OC)C4=CC=C(C=C4)NC(=O)NC5=CC=C(C=C5)C(F)(F)FCC,Kinase Inhibitor,4
CHEMBL1000877,Analog_877,CN(C)C(=O)C1=CC=C(C=C1)NC(=O)C2=CC=C(C=C2)NC3=NC=CC(=N3)C4=CN=CC=C4CC,Kinase Inhibitor,4
CHEMBL1000878,Analog_878,CC1=C(C(=CC=C1)Cl)NC(=O)C2=CN=C(S2)NC3=CC(=NC(=N3)C)N4CCN(CC4)CCOCC,Kinase Inhibitor,4
CHEMBL1000879,Analog_879,CC1=CC2=C(C=C1)N=C(C3=CC=C(C=C3)S(=O)(=O)NC(C)C)N(N2)C4=CC=CC=C4CC,Kinase Inhibitor,4
CHEMBL1000880,Analog_880,CN1CCN(CC1)C2=CC=C(C=C2)NC3=NC=CC(=N3)C4=C(C5=C(C=CC=C5)N4)C6=CC=CC=C6CC,Kinase Inhibitor,4
CHEMBL1000881,Analog_881,C1CC(C1)C2=CC(=C(C=C2)C3=C(C=C4C(=N3)C=CN4)C5=CC(=CC=C5)NS(=O)(=O)C)FCC,Kinase Inhibitor,4
CHEMBL1000882,Analog_882,CC(C)(C)C1=NC(=C(S1)C2=CC(=NC(=N2)C3=CC=CC(=C3)F)C4=CC(=CC=C4)NS(=O)(=O)C)C5=CC=CC=C5CC,Kinase Inhibitor,4
CHEMBL1000883,Analog_883,CC1=C(C=C(C=C1)F)C(=O)NC2=CC=C(C=C2)C3=C(C=C4C(=N3)C=CN4)C5=CC(=CC=C5)S(=O)(=O)NCC,Kinase Inhibitor,4
CHEMBL1000884,Analog_884,CC1=C(C=C(C=C1)NC(=O)C2=CC=C(C=C2)CN3CCN(CC3)C)NC4=NC=CC(=N4)C5=CN=CC=C5CCC,Kinase Inhibitor,4
CHEMBL1000885,Analog_885,COC1=C(C=C2C(=C1)N(C=N2)C3CCN(CC3)C(=O)C=C)NC4=CC(=C(C=C4)F)ClCCC,Kinase Inhibitor,4
CHEMBL1000886,Analog_886,CS(=O)(=O)CCNHCC1=CC=C(C=C1)C2=NC(=C(N2)C3=C4C=CNC4=NC=N3)C5=C(C=CC(=C5)O)OCCC,Kinase Inhibitor,4
CHEMBL1000887,Analog_887,COCCOC1=C(C=C2C(=C1)N(C=N2)C3=CC(=C(C=C3)C#C)NC(=O)C=C)OCCCC,Kinase Inhibitor,4
CHEMBL1000888,Analog_888,CN1CCN(CC1)CC2=CC3=C(C=C2)N=CN=C3NC4=CC(=C(C=C4)F)ClCCC,Kinase Inhibitor,4
CHEMBL1000889,Analog_889,CC(C)C1=NC(=C(N1)C2=NC=NC3=CC=C(C=C32)OC)C4=CC=C(C=C4)NC(=O)NC5=CC=C(C=C5)C(F)(F)FCCC,Kinase Inhibitor,4
CHEMBL1000890,Analog_890,CN(C)C(=O)C1=CC=C(C=C1)NC(=O)C2=CC=C(C=C2)NC3=NC=CC(=N3)C4=CN=CC=C4CCC,Kinase Inhibitor,4
CHEMBL1000891,Analog_891,CC1=C(C(=CC=C1)Cl)NC(=O)C2=CN=C(S2)NC3=CC(=NC(=N3)C)N4CCN(CC4)CCOCCC,Kinase Inhibitor,4
CHEMBL1000892,Analog_892,CC1=CC2=C(C=C1)N=C(C3=CC=C(C=C3)S(=O)(=O)NC(C)C)N(N2)C4=CC=CC=C4CCC,Kinase Inhibitor,4
CHEMBL1000893,Analog_893,CN1CCN(CC1)C2=CC=C(C=C2)NC3=NC=CC(=N3)C4=C(C5=C(C=CC=C5)N4)C6=CC=CC=C6CCC,Kinase Inhibitor,4
CHEMBL1000894,Analog_894,C1CC(C1)C2=CC(=C(C=C2)C3=C(C=C4C(=N3)C=CN4)C5=CC(=CC=C5)NS(=O)(=O)C)FCCC,Kinase Inhibitor,4
CHEMBL1000895,Analog_895,CC(C)(C)C1=NC(=C(S1)C2=CC(=NC(=N2)C3=CC=CC(=C3)F)C4=CC(=CC=C4)NS(=O)(=O)C)C5=CC=CC=C5CCC,Kinase Inhibitor,4
CHEMBL1000896,Analog_896,CC1=C(C=C(C=C1)F)C(=O)NC2=CC=C(C=C2)C3=C(C=C4C(=N3)C=CN4)C5=CC(=CC=C5)S(=O)(=O)NCCC,Kinase Inhibitor,4
CHEMBL1000897,Analog_897,CC1=C(C=C(C=C1)NC(=O)C2=CC=C(C=C2)CN3CCN(CC3)C)NC4=NC=CC(=N4)C5=CN=CC=C5CCCC,Kinase Inhibitor,4
CHEMBL1000898,Analog_898,COC1=C(C=C2C(=C1)N(C=N2)C3CCN(CC3)C(=O)C=C)NC4=CC(=C(C=C4)F)ClCCCC,Kinase Inhibitor,4
CHEMBL1000899,Analog_899,CS(=O)(=O)CCNHCC1=CC=C(C=C1)C2=NC(=C(N2)C3=C4C=CNC4=NC=N3)C5=C(C=CC(=C5)O)OCCCC,Kinase Inhibitor,4
CHEMBL1000900,Analog_900,COCCOC1=C(C=C2C(=C1)N(C=N2)C3=CC(=C(C=C3)C#C)NC(=O)C=C)OCCCCC,Kinase Inhibitor,4
CHEMBL1000901,Analog_901,CN1CCN(CC1)CC2=CC3=C(C=C2)N=CN=C3NC4=CC(=C(C=C4)F)ClCCCC,Kinase Inhibitor,4
CHEMBL1000902,Analog_902,CC(C)C1=NC(=C(N1)C2=NC=NC3=CC=C(C=C32)OC)C4=CC=C(C=C4)NC(=O)NC5=CC=C(C=C5)C(F)(F)FCCCC,Kinase Inhibitor,4
CHEMBL1000903,Analog_903,CN(C)C(=O)C1=CC=C(C=C1)NC(=O)C2=CC=C(C=C2)NC3=NC=CC(=N3)C4=CN=CC=C4CCCC,Kinase Inhibitor,4
CHEMBL1000904,Analog_904,CC1=C(C(=CC=C1)Cl)NC(=O)C2=CN=C(S2)NC3=CC(=NC(=N3)C)N4CCN(CC4)CCOCCCC,Kinase Inhibitor,4
CHEMBL1000905,Analog_905,CC1=CC2=C(C=C1)N=C(C3=CC=C(C=C3)S(=O)(=O)NC(C)C)N(N2)C4=CC=CC=C4CCCC,Kinase Inhibitor,4
CHEMBL1000906,Analog_906,CN1CCN(CC1)C2=CC=C(C=C2)NC3=NC=CC(=N3)C4=C(C5=C(C=CC=C5)N4)C6=CC=CC=C6CCCC,Kinase Inhibitor,4
CHEMBL1000907,Analog_907,C1CC(C1)C2=CC(=C(C=C2)C3=C(C=C4C(=N3)C=CN4)C5=CC(=CC=C5)NS(=O)(=O)C)FCCCC,Kinase Inhibitor,4
CHEMBL1000908,Analog_908,CC(C)(C)C1=NC(=C(S1)C2=CC(=NC(=N2)C3=CC=CC(=C3)F)C4=CC(=CC=C4)NS(=O)(=O)C)C5=CC=CC=C5CCCC,Kinase Inhibitor,4
CHEMBL1000909,Analog_909,CC1=C(C=C(C=C1)F)C(=O)NC2=CC=C(C=C2)C3=C(C=C4C(=N3)C=CN4)C5=CC(=CC=C5)S(=O)(=O)NCCCC,Kinase Inhibitor,4
CHEMBL1000910,Analog_910,CC1=C(C=C(C=C1)NC(=O)C2=CC=C(C=C2)CN3CCN(CC3)C)NC4=NC=CC(=N4)C5=CN=CC=C5,Kinase Inhibitor,4
CHEMBL1000911,Analog_911,COC1=C(C=C2C(=C1)N(C=N2)C3CCN(CC3)C(=O)C=C)NC4=CC(=C(C=C4)F)Cl,Kinase Inhibitor,4
CHEMBL1000912,Analog_912,CS(=O)(=O)CCNHCC1=CC=C(C=C1)C2=NC(=C(N2)C3=C4C=CNC4=NC=N3)C5=C(C=CC(=C5)O)O,Kinase Inhibitor,4
CHEMBL1000913,Analog_913,COCCOC1=C(C=C2C(=C1)N(C=N2)C3=CC(=C(C=C3)C#C)NC(=O)C=C)OC,Kinase Inhibitor,4
CHEMBL1000914,Analog_914,CN1CCN(CC1)CC2=CC3=C(C=C2)N=CN=C3NC4=CC(=C(C=C4)F)Cl,Kinase Inhibitor,4
CHEMBL1000915,Analog_915,CC(C)C1=NC(=C(N1)C2=NC=NC3=CC=C(C=C32)OC)C4=CC=C(C=C4)NC(=O)NC5=CC=C(C=C5)C(F)(F)F,Kinase Inhibitor,4
CHEMBL1000916,Analog_916,CN(C)C(=O)C1=CC=C(C=C1)NC(=O)C2=CC=C(C=C2)NC3=NC=CC(=N3)C4=CN=CC=C4,Kinase Inhibitor,4
CHEMBL1000917,Analog_917,CC1=C(C(=CC=C1)Cl)NC(=O)C2=CN=C(S2)NC3=CC(=NC(=N3)C)N4CCN(CC4)CCO,Kinase Inhibitor,4
CHEMBL1000918,Analog_918,CC1=CC2=C(C=C1)N=C(C3=CC=C(C=C3)S(=O)(=O)NC(C)C)N(N2)C4=CC=CC=C4,Kinase Inhibitor,4
CHEMBL1000919,Analog_919,CN1CCN(CC1)C2=CC=C(C=C2)NC3=NC=CC(=N3)C4=C(C5=C(C=CC=C5)N4)C6=CC=CC=C6,Kinase Inhibitor,4
CHEMBL1000920,Analog_920,C1CC(C1)C2=CC(=C(C=C2)C3=C(C=C4C(=N3)C=CN4)C5=CC(=CC=C5)NS(=O)(=O)C)F,Kinase Inhibitor,4
CHEMBL1000921,Analog_921,CC(C)(C)C1=NC(=C(S1)C2=CC(=NC(=N2)C3=CC=CC(=C3)F)C4=CC(=CC=C4)NS(=O)(=O)C)C5=CC=CC=C5,Kinase Inhibitor,4
CHEMBL1000922,Analog_922,CC1=C(C=C(C=C1)F)C(=O)NC2=CC=C(C=C2)C3=C(C=C4C(=N3)C=CN4)C5=CC(=CC=C5)S(=O)(=O)N,Kinase Inhibitor,4
CHEMBL1000923,Analog_923,CC1=C(C=C(C=C1)NC(=O)C2=CC=C(C=C2)CN3CCN(CC3)C)NC4=NC=CC(=N4)C5=CN=CC=C5C,Kinase Inhibitor,4
CHEMBL1000924,Analog_924,COC1=C(C=C2C(=C1)N(C=N2)C3CCN(CC3)C(=O)C=C)NC4=CC(=C(C=C4)F)ClC,Kinase Inhibitor,4
CHEMBL1000925,Analog_925,CS(=O)(=O)CCNHCC1=CC=C(C=C1)C2=NC(=C(N2)C3=C4C=CNC4=NC=N3)C5=C(C=CC(=C5)O)OC,Kinase Inhibitor,4
CHEMBL1000926,Analog_926,COCCOC1=C(C=C2C(=C1)N(C=N2)C3=CC(=C(C=C3)C#C)NC(=O)C=C)OCC,Kinase Inhibitor,4
CHEMBL1000927,Analog_927,CN1CCN(CC1)CC2=CC3=C(C=C2)N=CN=C3NC4=CC(=C(C=C4)F)ClC,Kinase Inhibitor,4
CHEMBL1000928,Analog_928,CC(C)C1=NC(=C(N1)C2=NC=NC3=CC=C(C=C32)OC)C4=CC=C(C=C4)NC(=O)NC5=CC=C(C=C5)C(F)(F)FC,Kinase Inhibitor,4
CHEMBL1000929,Analog_929,CN(C)C(=O)C1=CC=C(C=C1)NC(=O)C2=CC=C(C=C2)NC3=NC=CC(=N3)C4=CN=CC=C4C,Kinase Inhibitor,4
CHEMBL1000930,Analog_930,CC1=C(C(=CC=C1)Cl)NC(=O)C2=CN=C(S2)NC3=CC(=NC(=N3)C)N4CCN(CC4)CCOC,Kinase Inhibitor,4
CHEMBL1000931,Analog_931,CC1=CC2=C(C=C1)N=C(C3=CC=C(C=C3)S(=O)(=O)NC(C)C)N(N2)C4=CC=CC=C4C,Kinase Inhibitor,4
CHEMBL1000932,Analog_932,CN1CCN(CC1)C2=CC=C(C=C2)NC3=NC=CC(=N3)C4=C(C5=C(C=CC=C5)N4)C6=CC=CC=C6C,Kinase Inhibitor,4
CHEMBL1000933,Analog_933,C1CC(C1)C2=CC(=C(C=C2)C3=C(C=C4C(=N3)C=CN4)C5=CC(=CC=C5)NS(=O)(=O)C)FC,Kinase Inhibitor,4
CHEMBL1000934,Analog_934,CC(C)(C)C1=NC(=C(S1)C2=CC(=NC(=N2)C3=CC=CC(=C3)F)C4=CC(=CC=C4)NS(=O)(=O)C)C5=CC=CC=C5C,Kinase Inhibitor,4
CHEMBL1000935,Analog_935,CC1=C(C=C(C=C1)F)C(=O)NC2=CC=C(C=C2)C3=C(C=C4C(=N3)C=CN4)C5=CC(=CC=C5)S(=O)(=O)NC,Kinase Inhibitor,4
CHEMBL1000936,Analog_936,CC1=C(C=C(C=C1)NC(=O)C2=CC=C(C=C2)CN3CCN(CC3)C)NC4=NC=CC(=N4)C5=CN=CC=C5CC,Kinase Inhibitor,4
CHEMBL1000937,Analog_937,COC1=C(C=C2C(=C1)N(C=N2)C3CCN(CC3)C(=O)C=C)NC4=CC(=C(C=C4)F)ClCC,Kinase Inhibitor,4
CHEMBL1000938,Analog_938,CS(=O)(=O)CCNHCC1=CC=C(C=C1)C2=NC(=C(N2)C3=C4C=CNC4=NC=N3)C5=C(C=CC(=C5)O)OCC,Kinase Inhibitor,4
CHEMBL1000939,Analog_939,COCCOC1=C(C=C2C(=C1)N(C=N2)C3=CC(=C(C=C3)C#C)NC(=O)C=C)OCCC,Kinase Inhibitor,4
CHEMBL1000940,Analog_940,CN1CCN(CC1)CC2=CC3=C(C=C2)N=CN=C3NC4=CC(=C(C=C4)F)ClCC,Kinase Inhibitor,4
CHEMBL1000941,Analog_941,CC(C)C1=NC(=C(N1)C2=NC=NC3=CC=C(C=C32)OC)C4=CC=C(C=C4)NC(=O)NC5=CC=C(C=C5)C(F)(F)FCC,Kinase Inhibitor,4
CHEMBL1000942,Analog_942,CN(C)C(=O)C1=CC=C(C=C1)NC(=O)C2=CC=C(C=C2)NC3=NC=CC(=N3)C4=CN=CC=C4CC,Kinase Inhibitor,4
CHEMBL1000943,Analog_943,CC1=C(C(=CC=C1)Cl)NC(=O)C2=CN=C(S2)NC3=CC(=NC(=N3)C)N4CCN(CC4)CCOCC,Kinase Inhibitor,4
CHEMBL1000944,Analog_944,CC1=CC2=C(C=C1)N=C(C3=CC=C(C=C3)S(=O)(=O)NC(C)C)N(N2)C4=CC=CC=C4CC,Kinase Inhibitor,4
CHEMBL1000945,Analog_945,CN1CCN(CC1)C2=CC=C(C=C2)NC3=NC=CC(=N3)C4=C(C5=C(C=CC=C5)N4)C6=CC=CC=C6CC,Kinase Inhibitor,4
CHEMBL1000946,Analog_946,C1CC(C1)C2=CC(=C(C=C2)C3=C(C=C4C(=N3)C=CN4)C5=CC(=CC=C5)NS(=O)(=O)C)FCC,Kinase Inhibitor,4
CHEMBL1000947,Analog_947,CC(C)(C)C1=NC(=C(S1)C2=CC(=NC(=N2)C3=CC=CC(=C3)F)C4=CC(=CC=C4)NS(=O)(=O)C)C5=CC=CC=C5CC,Kinase Inhibitor,4
CHEMBL1000948,Analog_948,CC1=C(C=C(C=C1)F)C(=O)NC2=CC=C(C=C2)C3=C(C=C4C(=N3)C=CN4)C5=CC(=CC=C5)S(=O)(=O)NCC,Kinase Inhibitor,4
CHEMBL1000949,Analog_949,CC1=C(C=C(C=C1)NC(=O)C2=CC=C(C=C2)CN3CCN(CC3)C)NC4=NC=CC(=N4)C5=CN=CC=C5CCC,Kinase Inhibitor,4
CHEMBL1000950,Analog_950,COC1=C(C=C2C(=C1)N(C=N2)C3CCN(CC3)C(=O)C=C)NC4=CC(=C(C=C4)F)ClCCC,Kinase Inhibitor,4
CHEMBL1000951,Analog_951,CS(=O)(=O)CCNHCC1=CC=C(C=C1)C2=NC(=C(N2)C3=C4C=CNC4=NC=N3)C5=C(C=CC(=C5)O)OCCC,Kinase Inhibitor,4
CHEMBL1000952,Analog_952,COCCOC1=C(C=C2C(=C1)N(C=N2)C3=CC(=C(C=C3)C#C)NC(=O)C=C)OCCCC,Kinase Inhibitor,4
CHEMBL1000953,Analog_953,CN1CCN(CC1)CC2=CC3=C(C=C2)N=CN=C3NC4=CC(=C(C=C4)F)ClCCC,Kinase Inhibitor,4
CHEMBL1000954,Analog_954,CC(C)C1=NC(=C(N1)C2=NC=NC3=CC=C(C=C32)OC)C4=CC=C(C=C4)NC(=O)NC5=CC=C(C=C5)C(F)(F)FCCC,Kinase Inhibitor,4
CHEMBL1000955,Analog_955,CN(C)C(=O)C1=CC=C(C=C1)NC(=O)C2=CC=C(C=C2)NC3=NC=CC(=N3)C4=CN=CC=C4CCC,Kinase Inhibitor,4
CHEMBL1000956,Analog_956,CC1=C(C(=CC=C1)Cl)NC(=O)C2=CN=C(S2)NC3=CC(=NC(=N3)C)N4CCN(CC4)CCOCCC,Kinase Inhibitor,4
CHEMBL1000957,Analog_957,CC1=CC2=C(C=C1)N=C(C3=CC=C(C=C3)S(=O)(=O)NC(C)C)N(N2)C4=CC=CC=C4CCC,Kinase Inhibitor,4
CHEMBL1000958,Analog_958,CN1CCN(CC1)C2=CC=C(C=C2)NC3=NC=CC(=N3)C4=C(C5=C(C=CC=C5)N4)C6=CC=CC=C6CCC,Kinase Inhibitor,4
CHEMBL1000959,Analog_959,C1CC(C1)C2=CC(=C(C=C2)C3=C(C=C4C(=N3)C=CN4)C5=CC(=CC=C5)NS(=O)(=O)C)FCCC,Kinase Inhibitor,4
CHEMBL1000960,Analog_960,CC(C)(C)C1=NC(=C(S1)C2=CC(=NC(=N2)C3=CC=CC(=C3)F)C4=CC(=CC=C4)NS(=O)(=O)C)C5=CC=CC=C5CCC,Kinase Inhibitor,4
CHEMBL1000961,Analog_961,CC1=C(C=C(C=C1)F)C(=O)NC2=CC=C(C=C2)C3=C(C=C4C(=N3)C=CN4)C5=CC(=CC=C5)S(=O)(=O)NCCC,Kinase Inhibitor,4
CHEMBL1000962,Analog_962,CC1=C(C=C(C=C1)NC(=O)C2=CC=C(C=C2)CN3CCN(CC3)C)NC4=NC=CC(=N4)C5=CN=CC=C5CCCC,Kinase Inhibitor,4
CHEMBL1000963,Analog_963,COC1=C(C=C2C(=C1)N(C=N2)C3CCN(CC3)C(=O)C=C)NC4=CC(=C(C=C4)F)ClCCCC,Kinase Inhibitor,4
CHEMBL1000964,Analog_964,CS(=O)(=O)CCNHCC1=CC=C(C=C1)C2=NC(=C(N2)C3=C4C=CNC4=NC=N3)C5=C(C=CC(=C5)O)OCCCC,Kinase Inhibitor,4
CHEMBL1000965,Analog_965,COCCOC1=C(C=C2C(=C1)N(C=N2)C3=CC(=C(C=C3)C#C)NC(=O)C=C)OCCCCC,Kinase Inhibitor,4
CHEMBL1000966,Analog_966,CN1CCN(CC1)CC2=CC3=C(C=C2)N=CN=C3NC4=CC(=C(C=C4)F)ClCCCC,Kinase Inhibitor,4
CHEMBL1000967,Analog_967,CC(C)C1=NC(=C(N1)C2=NC=NC3=CC=C(C=C32)OC)C4=CC=C(C=C4)NC(=O)NC5=CC=C(C=C5)C(F)(F)FCCCC,Kinase Inhibitor,4
CHEMBL1000968,Analog_968,CN(C)C(=O)C1=CC=C(C=C1)NC(=O)C2=CC=C(C=C2)NC3=NC=CC(=N3)C4=CN=CC=C4CCCC,Kinase Inhibitor,4
CHEMBL1000969,Analog_969,CC1=C(C(=CC=C1)Cl)NC(=O)C2=CN=C(S2)NC3=CC(=NC(=N3)C)N4CCN(CC4)CCOCCCC,Kinase Inhibitor,4
CHEMBL1000970,Analog_970,CC1=CC2=C(C=C1)N=C(C3=CC=C(C=C3)S(=O)(=O)NC(C)C)N(N2)C4=CC=CC=C4CCCC,Kinase Inhibitor,4
CHEMBL1000971,Analog_971,CN1CCN(CC1)C2=CC=C(C=C2)NC3=NC=CC(=N3)C4=C(C5=C(C=CC=C5)N4)C6=CC=CC=C6CCCC,Kinase Inhibitor,4
CHEMBL1000972,Analog_972,C1CC(C1)C2=CC(=C(C=C2)C3=C(C=C4C(=N3)C=CN4)C5=CC(=CC=C5)NS(=O)(=O)C)FCCCC,Kinase Inhibitor,4
CHEMBL1000973,Analog_973,CC(C)(C)C1=NC(=C(S1)C2=CC(=NC(=N2)C3=CC=CC(=C3)F)C4=CC(=CC=C4)NS(=O)(=O)C)C5=CC=CC=C5CCCC,Kinase Inhibitor,4
CHEMBL1000974,Analog_974,CC1=C(C=C(C=C1)F)C(=O)NC2=CC=C(C=C2)C3=C(C=C4C(=N3)C=CN4)C5=CC(=CC=C5)S(=O)(=O)NCCCC,Kinase Inhibitor,4
CHEMBL1000975,Analog_975,CC1=C(C=C(C=C1)NC(=O)C2=CC=C(C=C2)CN3CCN(CC3)C)NC4=NC=CC(=N4)C5=CN=CC=C5,Kinase Inhibitor,4
CHEMBL1000976,Analog_976,COC1=C(C=C2C(=C1)N(C=N2)C3CCN(CC3)C(=O)C=C)NC4=CC(=C(C=C4)F)Cl,Kinase Inhibitor,4
CHEMBL1000977,Analog_977,CS(=O)(=O)CCNHCC1=CC=C(C=C1)C2=NC(=C(N2)C3=C4C=CNC4=NC=N3)C5=C(C=CC(=C5)O)O,Kinase Inhibitor,4
CHEMBL1000978,Analog_978,COCCOC1=C(C=C2C(=C1)N(C=N2)C3=CC(=C(C=C3)C#C)NC(=O)C=C)OC,Kinase Inhibitor,4
CHEMBL1000979,Analog_979,CN1CCN(CC1)CC2=CC3=C(C=C2)N=CN=C3NC4=CC(=C(C=C4)F)Cl,Kinase Inhibitor,4
CHEMBL1000980,Analog_980,CC(C)C1=NC(=C(N1)C2=NC=NC3=CC=C(C=C32)OC)C4=CC=C(C=C4)NC(=O)NC5=CC=C(C=C5)C(F)(F)F,Kinase Inhibitor,4
CHEMBL1000981,Analog_981,CN(C)C(=O)C1=CC=C(C=C1)NC(=O)C2=CC=C(C=C2)NC3=NC=CC(=N3)C4=CN=CC=C4,Kinase Inhibitor,4
CHEMBL1000982,Analog_982,CC1=C(C(=CC=C1)Cl)NC(=O)C2=CN=C(S2)NC3=CC(=NC(=N3)C)N4CCN(CC4)CCO,Kinase Inhibitor,4
CHEMBL1000983,Analog_983,CC1=CC2=C(C=C1)N=C(C3=CC=C(C=C3)S(=O)(=O)NC(C)C)N(N2)C4=CC=CC=C4,Kinase Inhibitor,4
CHEMBL1000984,Analog_984,CN1CCN(CC1)C2=CC=C(C=C2)NC3=NC=CC(=N3)C4=C(C5=C(C=CC=C5)N4)C6=CC=CC=C6,Kinase Inhibitor,4
CHEMBL1000985,Analog_985,C1CC(C1)C2=CC(=C(C=C2)C3=C(C=C4C(=N3)C=CN4)C5=CC(=CC=C5)NS(=O)(=O)C)F,Kinase Inhibitor,4
CHEMBL1000986,Analog_986,CC(C)(C)C1=NC(=C(S1)C2=CC(=NC(=N2)C3=CC=CC(=C3)F)C4=CC(=CC=C4)NS(=O)(=O)C)C5=CC=CC=C5,Kinase Inhibitor,4
CHEMBL1000987,Analog_987,CC1=C(C=C(C=C1)F)C(=O)NC2=CC=C(C=C2)C3=C(C=C4C(=N3)C=CN4)C5=CC(=CC=C5)S(=O)(=O)N,Kinase Inhibitor,4
CHEMBL1000988,Analog_988,CC1=C(C=C(C=C1)NC(=O)C2=CC=C(C=C2)CN3CCN(CC3)C)NC4=NC=CC(=N4)C5=CN=CC=C5C,Kinase Inhibitor,4
CHEMBL1000989,Analog_989,COC1=C(C=C2C(=C1)N(C=N2)C3CCN(CC3)C(=O)C=C)NC4=CC(=C(C=C4)F)ClC,Kinase Inhibitor,4
CHEMBL1000990,Analog_990,CS(=O)(=O)CCNHCC1=CC=C(C=C1)C2=NC(=C(N2)C3=C4C=CNC4=NC=N3)C5=C(C=CC(=C5)O)OC,Kinase Inhibitor,4
CHEMBL1000991,Analog_991,COCCOC1=C(C=C2C(=C1)N(C=N2)C3=CC(=C(C=C3)C#C)NC(=O)C=C)OCC,Kinase Inhibitor,4
CHEMBL1000992,Analog_992,CN1CCN(CC1)CC2=CC3=C(C=C2)N=CN=C3NC4=CC(=C(C=C4)F)ClC,Kinase Inhibitor,4
CHEMBL1000993,Analog_993,CC(C)C1=NC(=C(N1)C2=NC=NC3=CC=C(C=C32)OC)C4=CC=C(C=C4)NC(=O)NC5=CC=C(C=C5)C(F)(F)FC,Kinase Inhibitor,4
CHEMBL1000994,Analog_994,CN(C)C(=O)C1=CC=C(C=C1)NC(=O)C2=CC=C(C=C2)NC3=NC=CC(=N3)C4=CN=CC=C4C,Kinase Inhibitor,4
CHEMBL1000995,Analog_995,CC1=C(C(=CC=C1)Cl)NC(=O)C2=CN=C(S2)NC3=CC(=NC(=N3)C)N4CCN(CC4)CCOC,Kinase Inhibitor,4
CHEMBL1000996,Analog_996,CC1=CC2=C(C=C1)N=C(C3=CC=C(C=C3)S(=O)(=O)NC(C)C)N(N2)C4=CC=CC=C4C,Kinase Inhibitor,4
CHEMBL1000997,Analog_997,CN1CCN(CC1)C2=CC=C(C=C2)NC3=NC=CC(=N3)C4=C(C5=C(C=CC=C5)N4)C6=CC=CC=C6C,Kinase Inhibitor,4
CHEMBL1000998,Analog_998,C1CC(C1)C2=CC(=C(C=C2)C3=C(C=C4C(=N3)C=CN4)C5=CC(=CC=C5)NS(=O)(=O)C)FC,Kinase Inhibitor,4
CHEMBL1000999,Analog_999,CC(C)(C)C1=NC(=C(S1)C2=CC(=NC(=N2)C3=CC=CC(=C3)F)C4=CC(=CC=C4)NS(=O)(=O)C)C5=CC=CC=C5C,Kinase Inhibitor,4
CHEMBL1001000,Analog_1000,CC1=C(C=C(C=C1)F)C(=O)NC2=CC=C(C=C2)C3=C(C=C4C(=N3)C=CN4)C5=CC(=CC=C5)S(=O)(=O)NC,Kinase Inhibitor,4
CHEMBL1001001,Analog_1001,CC1=C(C=C(C=C1)NC(=O)C2=CC=C(C=C2)CN3CCN(CC3)C)NC4=NC=CC(=N4)C5=CN=CC=C5CC,Kinase Inhibitor,4
CHEMBL1001002,Analog_1002,COC1=C(C=C2C(=C1)N(C=N2)C3CCN(CC3)C(=O)C=C)NC4=CC(=C(C=C4)F)ClCC,Kinase Inhibitor,4
CHEMBL1001003,Analog_1003,CS(=O)(=O)CCNHCC1=CC=C(C=C1)C2=NC(=C(N2)C3=C4C=CNC4=NC=N3)C5=C(C=CC(=C5)O)OCC,Kinase Inhibitor,4
CHEMBL1001004,Analog_1004,COCCOC1=C(C=C2C(=C1)N(C=N2)C3=CC(=C(C=C3)C#C)NC(=O)C=C)OCCC,Kinase Inhibitor,4
CHEMBL1001005,Analog_1005,CN1CCN(CC1)CC2=CC3=C(C=C2)N=CN=C3NC4=CC(=C(C=C4)F)ClCC,Kinase Inhibitor,4
CHEMBL1001006,Analog_1006,CC(C)C1=NC(=C(N1)C2=NC=NC3=CC=C(C=C32)OC)C4=CC=C(C=C4)NC(=O)NC5=CC=C(C=C5)C(F)(F)FCC,Kinase Inhibitor,4
CHEMBL1001007,Analog_1007,CN(C)C(=O)C1=CC=C(C=C1)NC(=O)C2=CC=C(C=C2)NC3=NC=CC(=N3)C4=CN=CC=C4CC,Kinase Inhibitor,4
CHEMBL1001008,Analog_1008,CC1=C(C(=CC=C1)Cl)NC(=O)C2=CN=C(S2)NC3=CC(=NC(=N3)C)N4CCN(CC4)CCOCC,Kinase Inhibitor,4
CHEMBL1001009,Analog_1009,CC1=CC2=C(C=C1)N=C(C3=CC=C(C=C3)S(=O)(=O)NC(C)C)N(N2)C4=CC=CC=C4CC,Kinase Inhibitor,4
CHEMBL1001010,Analog_1010,CN1CCN(CC1)C2=CC=C(C=C2)NC3=NC=CC(=N3)C4=C(C5=C(C=CC=C5)N4)C6=CC=CC=C6CC,Kinase Inhibitor,4
CHEMBL1001011,Analog_1011,C1CC(C1)C2=CC(=C(C=C2)C3=C(C=C4C(=N3)C=CN4)C5=CC(=CC=C5)NS(=O)(=O)C)FCC,Kinase Inhibitor,4
CHEMBL1001012,Analog_1012,CC(C)(C)C1=NC(=C(S1)C2=CC(=NC(=N2)C3=CC=CC(=C3)F)C4=CC(=CC=C4)NS(=O)(=O)C)C5=CC=CC=C5CC,Kinase Inhibitor,4
CHEMBL1001013,Analog_1013,CC1=C(C=C(C=C1)F)C(=O)NC2=CC=C(C=C2)C3=C(C=C4C(=N3)C=CN4)C5=CC(=CC=C5)S(=O)(=O)NCC,Kinase Inhibitor,4
CHEMBL1001014,Analog_1014,CC1=C(C=C(C=C1)NC(=O)C2=CC=C(C=C2)CN3CCN(CC3)C)NC4=NC=CC(=N4)C5=CN=CC=C5CCC,Kinase Inhibitor,4
CHEMBL1001015,Analog_1015,COC1=C(C=C2C(=C1)N(C=N2)C3CCN(CC3)C(=O)C=C)NC4=CC(=C(C=C4)F)ClCCC,Kinase Inhibitor,4
CHEMBL1001016,Analog_1016,CS(=O)(=O)CCNHCC1=CC=C(C=C1)C2=NC(=C(N2)C3=C4C=CNC4=NC=N3)C5=C(C=CC(=C5)O)OCCC,Kinase Inhibitor,4
CHEMBL1001017,Analog_1017,COCCOC1=C(C=C2C(=C1)N(C=N2)C3=CC(=C(C=C3)C#C)NC(=O)C=C)OCCCC,Kinase Inhibitor,4
CHEMBL1001018,Analog_1018,CN1CCN(CC1)CC2=CC3=C(C=C2)N=CN=C3NC4=CC(=C(C=C4)F)ClCCC,Kinase Inhibitor,4
CHEMBL1001019,Analog_1019,CC(C)C1=NC(=C(N1)C2=NC=NC3=CC=C(C=C32)OC)C4=CC=C(C=C4)NC(=O)NC5=CC=C(C=C5)C(F)(F)FCCC,Kinase Inhibitor,4
CHEMBL1001020,Analog_1020,CN(C)C(=O)C1=CC=C(C=C1)NC(=O)C2=CC=C(C=C2)NC3=NC=CC(=N3)C4=CN=CC=C4CCC,Kinase Inhibitor,4
CHEMBL1001021,Analog_1021,CC1=C(C(=CC=C1)Cl)NC(=O)C2=CN=C(S2)NC3=CC(=NC(=N3)C)N4CCN(CC4)CCOCCC,Kinase Inhibitor,4
CHEMBL1001022,Analog_1022,CC1=CC2=C(C=C1)N=C(C3=CC=C(C=C3)S(=O)(=O)NC(C)C)N(N2)C4=CC=CC=C4CCC,Kinase Inhibitor,4
CHEMBL1001023,Analog_1023,CN1CCN(CC1)C2=CC=C(C=C2)NC3=NC=CC(=N3)C4=C(C5=C(C=CC=C5)N4)C6=CC=CC=C6CCC,Kinase Inhibitor,4
CHEMBL1001024,Analog_1024,C1CC(C1)C2=CC(=C(C=C2)C3=C(C=C4C(=N3)C=CN4)C5=CC(=CC=C5)NS(=O)(=O)C)FCCC,Kinase Inhibitor,4
CHEMBL1001025,Analog_1025,CC(C)(C)C1=NC(=C(S1)C2=CC(=NC(=N2)C3=CC=CC(=C3)F)C4=CC(=CC=C4)NS(=O)(=O)C)C5=CC=CC=C5CCC,Kinase Inhibitor,4
CHEMBL1001026,Analog_1026,CC1=C(C=C(C=C1)F)C(=O)NC2=CC=C(C=C2)C3=C(C=C4C(=N3)C=CN4)C5=CC(=CC=C5)S(=O)(=O)NCCC,Kinase Inhibitor,4
CHEMBL1001027,Analog_1027,CC1=C(C=C(C=C1)NC(=O)C2=CC=C(C=C2)CN3CCN(CC3)C)NC4=NC=CC(=N4)C5=CN=CC=C5CCCC,Kinase Inhibitor,4
CHEMBL1001028,Analog_1028,COC1=C(C=C2C(=C1)N(C=N2)C3CCN(CC3)C(=O)C=C)NC4=CC(=C(C=C4)F)ClCCCC,Kinase Inhibitor,4
CHEMBL1001029,Analog_1029,CS(=O)(=O)CCNHCC1=CC=C(C=C1)C2=NC(=C(N2)C3=C4C=CNC4=NC=N3)C5=C(C=CC(=C5)O)OCCCC,Kinase Inhibitor,4
CHEMBL1001030,Analog_1030,COCCOC1=C(C=C2C(=C1)N(C=N2)C3=CC(=C(C=C3)C#C)NC(=O)C=C)OCCCCC,Kinase Inhibitor,4
CHEMBL1001031,Analog_1031,CN1CCN(CC1)CC2=CC3=C(C=C2)N=CN=C3NC4=CC(=C(C=C4)F)ClCCCC,Kinase Inhibitor,4
CHEMBL1001032,Analog_1032,CC(C)C1=NC(=C(N1)C2=NC=NC3=CC=C(C=C32)OC)C4=CC=C(C=C4)NC(=O)NC5=CC=C(C=C5)C(F)(F)FCCCC,Kinase Inhibitor,4
CHEMBL1001033,Analog_1033,CN(C)C(=O)C1=CC=C(C=C1)NC(=O)C2=CC=C(C=C2)NC3=NC=CC(=N3)C4=CN=CC=C4CCCC,Kinase Inhibitor,4
CHEMBL1001034,Analog_1034,CC1=C(C(=CC=C1)Cl)NC(=O)C2=CN=C(S2)NC3=CC(=NC(=N3)C)N4CCN(CC4)CCOCCCC,Kinase Inhibitor,4
CHEMBL1001035,Analog_1035,CC1=CC2=C(C=C1)N=C(C3=CC=C(C=C3)S(=O)(=O)NC(C)C)N(N2)C4=CC=CC=C4CCCC,Kinase Inhibitor,4
CHEMBL1001036,Analog_1036,CN1CCN(CC1)C2=CC=C(C=C2)NC3=NC=CC(=N3)C4=C(C5=C(C=CC=C5)N4)C6=CC=CC=C6CCCC,Kinase Inhibitor,4
CHEMBL1001037,Analog_1037,C1CC(C1)C2=CC(=C(C=C2)C3=C(C=C4C(=N3)C=CN4)C5=CC(=CC=C5)NS(=O)(=O)C)FCCCC,Kinase Inhibitor,4
CHEMBL1001038,Analog_1038,CC(C)(C)C1=NC(=C(S1)C2=CC(=NC(=N2)C3=CC=CC(=C3)F)C4=CC(=CC=C4)NS(=O)(=O)C)C5=CC=CC=C5CCCC,Kinase Inhibitor,4
CHEMBL1001039,Analog_1039,CC1=C(C=C(C=C1)F)C(=O)NC2=CC=C(C=C2)C3=C(C=C4C(=N3)C=CN4)C5=CC(=CC=C5)S(=O)(=O)NCCCC,Kinase Inhibitor,4
CHEMBL1001040,Analog_1040,CC1=C(C=C(C=C1)NC(=O)C2=CC=C(C=C2)CN3CCN(CC3)C)NC4=NC=CC(=N4)C5=CN=CC=C5,Kinase Inhibitor,4
CHEMBL1001041,Analog_1041,COC1=C(C=C2C(=C1)N(C=N2)C3CCN(CC3)C(=O)C=C)NC4=CC(=C(C=C4)F)Cl,Kinase Inhibitor,4
CHEMBL1001042,Analog_1042,CS(=O)(=O)CCNHCC1=CC=C(C=C1)C2=NC(=C(N2)C3=C4C=CNC4=NC=N3)C5=C(C=CC(=C5)O)O,Kinase Inhibitor,4
CHEMBL1001043,Analog_1043,COCCOC1=C(C=C2C(=C1)N(C=N2)C3=CC(=C(C=C3)C#C)NC(=O)C=C)OC,Kinase Inhibitor,4
CHEMBL1001044,Analog_1044,CN1CCN(CC1)CC2=CC3=C(C=C2)N=CN=C3NC4=CC(=C(C=C4)F)Cl,Kinase Inhibitor,4
CHEMBL1001045,Analog_1045,CC(C)C1=NC(=C(N1)C2=NC=NC3=CC=C(C=C32)OC)C4=CC=C(C=C4)NC(=O)NC5=CC=C(C=C5)C(F)(F)F,Kinase Inhibitor,4
CHEMBL1001046,Analog_1046,CN(C)C(=O)C1=CC=C(C=C1)NC(=O)C2=CC=C(C=C2)NC3=NC=CC(=N3)C4=CN=CC=C4,Kinase Inhibitor,4
CHEMBL1001047,Analog_1047,CC1=C(C(=CC=C1)Cl)NC(=O)C2=CN=C(S2)NC3=CC(=NC(=N3)C)N4CCN(CC4)CCO,Kinase Inhibitor,4
CHEMBL1001048,Analog_1048,CC1=CC2=C(C=C1)N=C(C3=CC=C(C=C3)S(=O)(=O)NC(C)C)N(N2)C4=CC=CC=C4,Kinase Inhibitor,4
CHEMBL1001049,Analog_1049,CN1CCN(CC1)C2=CC=C(C=C2)NC3=NC=CC(=N3)C4=C(C5=C(C=CC=C5)N4)C6=CC=CC=C6,Kinase Inhibitor,4
CHEMBL1001050,Analog_1050,C1CC(C1)C2=CC(=C(C=C2)C3=C(C=C4C(=N3)C=CN4)C5=CC(=CC=C5)NS(=O)(=O)C)F,Kinase Inhibitor,4
CHEMBL1001051,Analog_1051,CC(C)(C)C1=NC(=C(S1)C2=CC(=NC(=N2)C3=CC=CC(=C3)F)C4=CC(=CC=C4)NS(=O)(=O)C)C5=CC=CC=C5,Kinase Inhibitor,4
CHEMBL1001052,Analog_1052,CC1=C(C=C(C=C1)F)C(=O)NC2=CC=C(C=C2)C3=C(C=C4C(=N3)C=CN4)C5=CC(=CC=C5)S(=O)(=O)N,Kinase Inhibitor,4
CHEMBL1001053,Analog_1053,CC1=C(C=C(C=C1)NC(=O)C2=CC=C(C=C2)CN3CCN(CC3)C)NC4=NC=CC(=N4)C5=CN=CC=C5C,Kinase Inhibitor,4
CHEMBL1001054,Analog_1054,COC1=C(C=C2C(=C1)N(C=N2)C3CCN(CC3)C(=O)C=C)NC4=CC(=C(C=C4)F)ClC,Kinase Inhibitor,4
CHEMBL1001055,Analog_1055,CS(=O)(=O)CCNHCC1=CC=C(C=C1)C2=NC(=C(N2)C3=C4C=CNC4=NC=N3)C5=C(C=CC(=C5)O)OC,Kinase Inhibitor,4
CHEMBL1001056,Analog_1056,COCCOC1=C(C=C2C(=C1)N(C=N2)C3=CC(=C(C=C3)C#C)NC(=O)C=C)OCC,Kinase Inhibitor,4
CHEMBL1001057,Analog_1057,CN1CCN(CC1)CC2=CC3=C(C=C2)N=CN=C3NC4=CC(=C(C=C4)F)ClC,Kinase Inhibitor,4
CHEMBL1001058,Analog_1058,CC(C)C1=NC(=C(N1)C2=NC=NC3=CC=C(C=C32)OC)C4=CC=C(C=C4)NC(=O)NC5=CC=C(C=C5)C(F)(F)FC,Kinase Inhibitor,4
CHEMBL1001059,Analog_1059,CN(C)C(=O)C1=CC=C(C=C1)NC(=O)C2=CC=C(C=C2)NC3=NC=CC(=N3)C4=CN=CC=C4C,Kinase Inhibitor,4
CHEMBL1001060,Analog_1060,CC1=C(C(=CC=C1)Cl)NC(=O)C2=CN=C(S2)NC3=CC(=NC(=N3)C)N4CCN(CC4)CCOC,Kinase Inhibitor,4
CHEMBL1001061,Analog_1061,CC1=CC2=C(C=C1)N=C(C3=CC=C(C=C3)S(=O)(=O)NC(C)C)N(N2)C4=CC=CC=C4C,Kinase Inhibitor,4
CHEMBL1001062,Analog_1062,CN1CCN(CC1)C2=CC=C(C=C2)NC3=NC=CC(=N3)C4=C(C5=C(C=CC=C5)N4)C6=CC=CC=C6C,Kinase Inhibitor,4
CHEMBL1001063,Analog_1063,C1CC(C1)C2=CC(=C(C=C2)C3=C(C=C4C(=N3)C=CN4)C5=CC(=CC=C5)NS(=O)(=O)C)FC,Kinase Inhibitor,4
CHEMBL1001064,Analog_1064,CC(C)(C)C1=NC(=C(S1)C2=CC(=NC(=N2)C3=CC=CC(=C3)F)C4=CC(=CC=C4)NS(=O)(=O)C)C5=CC=CC=C5C,Kinase Inhibitor,4
CHEMBL1001065,Analog_1065,CC1=C(C=C(C=C1)F)C(=O)NC2=CC=C(C=C2)C3=C(C=C4C(=N3)C=CN4)C5=CC(=CC=C5)S(=O)(=O)NC,Kinase Inhibitor,4
CHEMBL1001066,Analog_1066,CC1=C(C=C(C=C1)NC(=O)C2=CC=C(C=C2)CN3CCN(CC3)C)NC4=NC=CC(=N4)C5=CN=CC=C5CC,Kinase Inhibitor,4
CHEMBL1001067,Analog_1067,COC1=C(C=C2C(=C1)N(C=N2)C3CCN(CC3)C(=O)C=C)NC4=CC(=C(C=C4)F)ClCC,Kinase Inhibitor,4
CHEMBL1001068,Analog_1068,CS(=O)(=O)CCNHCC1=CC=C(C=C1)C2=NC(=C(N2)C3=C4C=CNC4=NC=N3)C5=C(C=CC(=C5)O)OCC,Kinase Inhibitor,4
CHEMBL1001069,Analog_1069,COCCOC1=C(C=C2C(=C1)N(C=N2)C3=CC(=C(C=C3)C#C)NC(=O)C=C)OCCC,Kinase Inhibitor,4
CHEMBL1001070,Analog_1070,CN1CCN(CC1)CC2=CC3=C(C=C2)N=CN=C3NC4=CC(=C(C=C4)F)ClCC,Kinase Inhibitor,4
CHEMBL1001071,Analog_1071,CC(C)C1=NC(=C(N1)C2=NC=NC3=CC=C(C=C32)OC)C4=CC=C(C=C4)NC(=O)NC5=CC=C(C=C5)C(F)(F)FCC,Kinase Inhibitor,4
CHEMBL1001072,Analog_1072,CN(C)C(=O)C1=CC=C(C=C1)NC(=O)C2=CC=C(C=C2)NC3=NC=CC(=N3)C4=CN=CC=C4CC,Kinase Inhibitor,4
CHEMBL1001073,Analog_1073,CC1=C(C(=CC=C1)Cl)NC(=O)C2=CN=C(S2)NC3=CC(=NC(=N3)C)N4CCN(CC4)CCOCC,Kinase Inhibitor,4
CHEMBL1001074,Analog_1074,CC1=CC2=C(C=C1)N=C(C3=CC=C(C=C3)S(=O)(=O)NC(C)C)N(N2)C4=CC=CC=C4CC,Kinase Inhibitor,4
CHEMBL1001075,Analog_1075,CN1CCN(CC1)C2=CC=C(C=C2)NC3=NC=CC(=N3)C4=C(C5=C(C=CC=C5)N4)C6=CC=CC=C6CC,Kinase Inhibitor,4
CHEMBL1001076,Analog_1076,C1CC(C1)C2=CC(=C(C=C2)C3=C(C=C4C(=N3)C=CN4)C5=CC(=CC=C5)NS(=O)(=O)C)FCC,Kinase Inhibitor,4
CHEMBL1001077,Analog_1077,CC(C)(C)C1=NC(=C(S1)C2=CC(=NC(=N2)C3=CC=CC(=C3)F)C4=CC(=CC=C4)NS(=O)(=O)C)C5=CC=CC=C5CC,Kinase Inhibitor,4
CHEMBL1001078,Analog_1078,CC1=C(C=C(C=C1)F)C(=O)NC2=CC=C(C=C2)C3=C(C=C4C(=N3)C=CN4)C5=CC(=CC=C5)S(=O)(=O)NCC,Kinase Inhibitor,4
CHEMBL1001079,Analog_1079,CC1=C(C=C(C=C1)NC(=O)C2=CC=C(C=C2)CN3CCN(CC3)C)NC4=NC=CC(=N4)C5=CN=CC=C5CCC,Kinase Inhibitor,4
CHEMBL1001080,Analog_1080,COC1=C(C=C2C(=C1)N(C=N2)C3CCN(CC3)C(=O)C=C)NC4=CC(=C(C=C4)F)ClCCC,Kinase Inhibitor,4
CHEMBL1001081,Analog_1081,CS(=O)(=O)CCNHCC1=CC=C(C=C1)C2=NC(=C(N2)C3=C4C=CNC4=NC=N3)C5=C(C=CC(=C5)O)OCCC,Kinase Inhibitor,4
CHEMBL1001082,Analog_1082,COCCOC1=C(C=C2C(=C1)N(C=N2)C3=CC(=C(C=C3)C#C)NC(=O)C=C)OCCCC,Kinase Inhibitor,4
CHEMBL1001083,Analog_1083,CN1CCN(CC1)CC2=CC3=C(C=C2)N=CN=C3NC4=CC(=C(C=C4)F)ClCCC,Kinase Inhibitor,4
CHEMBL1001084,Analog_1084,CC(C)C1=NC(=C(N1)C2=NC=NC3=CC=C(C=C32)OC)C4=CC=C(C=C4)NC(=O)NC5=CC=C(C=C5)C(F)(F)FCCC,Kinase Inhibitor,4
CHEMBL1001085,Analog_1085,CN(C)C(=O)C1=CC=C(C=C1)NC(=O)C2=CC=C(C=C2)NC3=NC=CC(=N3)C4=CN=CC=C4CCC,Kinase Inhibitor,4
CHEMBL1001086,Analog_1086,CC1=C(C(=CC=C1)Cl)NC(=O)C2=CN=C(S2)NC3=CC(=NC(=N3)C)N4CCN(CC4)CCOCCC,Kinase Inhibitor,4
CHEMBL1001087,Analog_1087,CC1=CC2=C(C=C1)N=C(C3=CC=C(C=C3)S(=O)(=O)NC(C)C)N(N2)C4=CC=CC=C4CCC,Kinase Inhibitor,4
CHEMBL1001088,Analog_1088,CN1CCN(CC1)C2=CC=C(C=C2)NC3=NC=CC(=N3)C4=C(C5=C(C=CC=C5)N4)C6=CC=CC=C6CCC,Kinase Inhibitor,4
CHEMBL1001089,Analog_1089,C1CC(C1)C2=CC(=C(C=C2)C3=C(C=C4C(=N3)C=CN4)C5=CC(=CC=C5)NS(=O)(=O)C)FCCC,Kinase Inhibitor,4
CHEMBL1001090,Analog_1090,CC(C)(C)C1=NC(=C(S1)C2=CC(=NC(=N2)C3=CC=CC(=C3)F)C4=CC(=CC=C4)NS(=O)(=O)C)C5=CC=CC=C5CCC,Kinase Inhibitor,4
CHEMBL1001091,Analog_1091,CC1=C(C=C(C=C1)F)C(=O)NC2=CC=C(C=C2)C3=C(C=C4C(=N3)C=CN4)C5=CC(=CC=C5)S(=O)(=O)NCCC,Kinase Inhibitor,4
CHEMBL1001092,Analog_1092,CC1=C(C=C(C=C1)NC(=O)C2=CC=C(C=C2)CN3CCN(CC3)C)NC4=NC=CC(=N4)C5=CN=CC=C5CCCC,Kinase Inhibitor,4
CHEMBL1001093,Analog_1093,COC1=C(C=C2C(=C1)N(C=N2)C3CCN(CC3)C(=O)C=C)NC4=CC(=C(C=C4)F)ClCCCC,Kinase Inhibitor,4
CHEMBL1001094,Analog_1094,CS(=O)(=O)CCNHCC1=CC=C(C=C1)C2=NC(=C(N2)C3=C4C=CNC4=NC=N3)C5=C(C=CC(=C5)O)OCCCC,Kinase Inhibitor,4
CHEMBL1001095,Analog_1095,COCCOC1=C(C=C2C(=C1)N(C=N2)C3=CC(=C(C=C3)C#C)NC(=O)C=C)OCCCCC,Kinase Inhibitor,4
CHEMBL1001096,Analog_1096,CN1CCN(CC1)CC2=CC3=C(C=C2)N=CN=C3NC4=CC(=C(C=C4)F)ClCCCC,Kinase Inhibitor,4
CHEMBL1001097,Analog_1097,CC(C)C1=NC(=C(N1)C2=NC=NC3=CC=C(C=C32)OC)C4=CC=C(C=C4)NC(=O)NC5=CC=C(C=C5)C(F)(F)FCCCC,Kinase Inhibitor,4
CHEMBL1001098,Analog_1098,CN(C)C(=O)C1=CC=C(C=C1)NC(=O)C2=CC=C(C=C2)NC3=NC=CC(=N3)C4=CN=CC=C4CCCC,Kinase Inhibitor,4
CHEMBL1001099,Analog_1099,CC1=C(C(=CC=C1)Cl)NC(=O)C2=CN=C(S2)NC3=CC(=NC(=N3)C)N4CCN(CC4)CCOCCCC,Kinase Inhibitor,4
CHEMBL1001100,Analog_1100,CC1=CC2=C(C=C1)N=C(C3=CC=C(C=C3)S(=O)(=O)NC(C)C)N(N2)C4=CC=CC=C4CCCC,Kinase Inhibitor,4
CHEMBL1001101,Analog_1101,CN1CCN(CC1)C2=CC=C(C=C2)NC3=NC=CC(=N3)C4=C(C5=C(C=CC=C5)N4)C6=CC=CC=C6CCCC,Kinase Inhibitor,4
CHEMBL1001102,Analog_1102,C1CC(C1)C2=CC(=C(C=C2)C3=C(C=C4C(=N3)C=CN4)C5=CC(=CC=C5)NS(=O)(=O)C)FCCCC,Kinase Inhibitor,4
CHEMBL1001103,Analog_1103,CC(C)(C)C1=NC(=C(S1)C2=CC(=NC(=N2)C3=CC=CC(=C3)F)C4=CC(=CC=C4)NS(=O)(=O)C)C5=CC=CC=C5CCCC,Kinase Inhibitor,4
CHEMBL1001104,Analog_1104,CC1=C(C=C(C=C1)F)C(=O)NC2=CC=C(C=C2)C3=C(C=C4C(=N3)C=CN4)C5=CC(=CC=C5)S(=O)(=O)NCCCC,Kinase Inhibitor,4
CHEMBL1001105,Analog_1105,CC1=C(C=C(C=C1)NC(=O)C2=CC=C(C=C2)CN3CCN(CC3)C)NC4=NC=CC(=N4)C5=CN=CC=C5,Kinase Inhibitor,4
CHEMBL1001106,Analog_1106,COC1=C(C=C2C(=C1)N(C=N2)C3CCN(CC3)C(=O)C=C)NC4=CC(=C(C=C4)F)Cl,Kinase Inhibitor,4
CHEMBL1001107,Analog_1107,CS(=O)(=O)CCNHCC1=CC=C(C=C1)C2=NC(=C(N2)C3=C4C=CNC4=NC=N3)C5=C(C=CC(=C5)O)O,Kinase Inhibitor,4
CHEMBL1001108,Analog_1108,COCCOC1=C(C=C2C(=C1)N(C=N2)C3=CC(=C(C=C3)C#C)NC(=O)C=C)OC,Kinase Inhibitor,4
CHEMBL1001109,Analog_1109,CN1CCN(CC1)CC2=CC3=C(C=C2)N=CN=C3NC4=CC(=C(C=C4)F)Cl,Kinase Inhibitor,4
CHEMBL1001110,Analog_1110,CC(C)C1=NC(=C(N1)C2=NC=NC3=CC=C(C=C32)OC)C4=CC=C(C=C4)NC(=O)NC5=CC=C(C=C5)C(F)(F)F,Kinase Inhibitor,4
CHEMBL1001111,Analog_1111,CN(C)C(=O)C1=CC=C(C=C1)NC(=O)C2=CC=C(C=C2)NC3=NC=CC(=N3)C4=CN=CC=C4,Kinase Inhibitor,4
CHEMBL1001112,Analog_1112,CC1=C(C(=CC=C1)Cl)NC(=O)C2=CN=C(S2)NC3=CC(=NC(=N3)C)N4CCN(CC4)CCO,Kinase Inhibitor,4
CHEMBL1001113,Analog_1113,CC1=CC2=C(C=C1)N=C(C3=CC=C(C=C3)S(=O)(=O)NC(C)C)N(N2)C4=CC=CC=C4,Kinase Inhibitor,4
CHEMBL1001114,Analog_1114,CN1CCN(CC1)C2=CC=C(C=C2)NC3=NC=CC(=N3)C4=C(C5=C(C=CC=C5)N4)C6=CC=CC=C6,Kinase Inhibitor,4
CHEMBL1001115,Analog_1115,C1CC(C1)C2=CC(=C(C=C2)C3=C(C=C4C(=N3)C=CN4)C5=CC(=CC=C5)NS(=O)(=O)C)F,Kinase Inhibitor,4
CHEMBL1001116,Analog_1116,CC(C)(C)C1=NC(=C(S1)C2=CC(=NC(=N2)C3=CC=CC(=C3)F)C4=CC(=CC=C4)NS(=O)(=O)C)C5=CC=CC=C5,Kinase Inhibitor,4
CHEMBL1001117,Analog_1117,CC1=C(C=C(C=C1)F)C(=O)NC2=CC=C(C=C2)C3=C(C=C4C(=N3)C=CN4)C5=CC(=CC=C5)S(=O)(=O)N,Kinase Inhibitor,4
CHEMBL1001118,Analog_1118,CC1=C(C=C(C=C1)NC(=O)C2=CC=C(C=C2)CN3CCN(CC3)C)NC4=NC=CC(=N4)C5=CN=CC=C5C,Kinase Inhibitor,4
CHEMBL1001119,Analog_1119,COC1=C(C=C2C(=C1)N(C=N2)C3CCN(CC3)C(=O)C=C)NC4=CC(=C(C=C4)F)ClC,Kinase Inhibitor,4
CHEMBL1001120,Analog_1120,CS(=O)(=O)CCNHCC1=CC=C(C=C1)C2=NC(=C(N2)C3=C4C=CNC4=NC=N3)C5=C(C=CC(=C5)O)OC,Kinase Inhibitor,4
CHEMBL1001121,Analog_1121,COCCOC1=C(C=C2C(=C1)N(C=N2)C3=CC(=C(C=C3)C#C)NC(=O)C=C)OCC,Kinase Inhibitor,4
CHEMBL1001122,Analog_1122,CN1CCN(CC1)CC2=CC3=C(C=C2)N=CN=C3NC4=CC(=C(C=C4)F)ClC,Kinase Inhibitor,4
CHEMBL1001123,Analog_1123,CC(C)C1=NC(=C(N1)C2=NC=NC3=CC=C(C=C32)OC)C4=CC=C(C=C4)NC(=O)NC5=CC=C(C=C5)C(F)(F)FC,Kinase Inhibitor,4
CHEMBL1001124,Analog_1124,CN(C)C(=O)C1=CC=C(C=C1)NC(=O)C2=CC=C(C=C2)NC3=NC=CC(=N3)C4=CN=CC=C4C,Kinase Inhibitor,4
CHEMBL1001125,Analog_1125,CC1=C(C(=CC=C1)Cl)NC(=O)C2=CN=C(S2)NC3=CC(=NC(=N3)C)N4CCN(CC4)CCOC,Kinase Inhibitor,4
CHEMBL1001126,Analog_1126,CC1=CC2=C(C=C1)N=C(C3=CC=C(C=C3)S(=O)(=O)NC(C)C)N(N2)C4=CC=CC=C4C,Kinase Inhibitor,4
CHEMBL1001127,Analog_1127,CN1CCN(CC1)C2=CC=C(C=C2)NC3=NC=CC(=N3)C4=C(C5=C(C=CC=C5)N4)C6=CC=CC=C6C,Kinase Inhibitor,4
CHEMBL1001128,Analog_1128,C1CC(C1)C2=CC(=C(C=C2)C3=C(C=C4C(=N3)C=CN4)C5=CC(=CC=C5)NS(=O)(=O)C)FC,Kinase Inhibitor,4
CHEMBL1001129,Analog_1129,CC(C)(C)C1=NC(=C(S1)C2=CC(=NC(=N2)C3=CC=CC(=C3)F)C4=CC(=CC=C4)NS(=O)(=O)C)C5=CC=CC=C5C,Kinase Inhibitor,4
CHEMBL1001130,Analog_1130,CC1=C(C=C(C=C1)F)C(=O)NC2=CC=C(C=C2)C3=C(C=C4C(=N3)C=CN4)C5=CC(=CC=C5)S(=O)(=O)NC,Kinase Inhibitor,4
CHEMBL1001131,Analog_1131,CC1=C(C=C(C=C1)NC(=O)C2=CC=C(C=C2)CN3CCN(CC3)C)NC4=NC=CC(=N4)C5=CN=CC=C5CC,Kinase Inhibitor,4
CHEMBL1001132,Analog_1132,COC1=C(C=C2C(=C1)N(C=N2)C3CCN(CC3)C(=O)C=C)NC4=CC(=C(C=C4)F)ClCC,Kinase Inhibitor,4
CHEMBL1001133,Analog_1133,CS(=O)(=O)CCNHCC1=CC=C(C=C1)C2=NC(=C(N2)C3=C4C=CNC4=NC=N3)C5=C(C=CC(=C5)O)OCC,Kinase Inhibitor,4
CHEMBL1001134,Analog_1134,COCCOC1=C(C=C2C(=C1)N(C=N2)C3=CC(=C(C=C3)C#C)NC(=O)C=C)OCCC,Kinase Inhibitor,4
CHEMBL1001135,Analog_1135,CN1CCN(CC1)CC2=CC3=C(C=C2)N=CN=C3NC4=CC(=C(C=C4)F)ClCC,Kinase Inhibitor,4
CHEMBL1001136,Analog_1136,CC(C)C1=NC(=C(N1)C2=NC=NC3=CC=C(C=C32)OC)C4=CC=C(C=C4)NC(=O)NC5=CC=C(C=C5)C(F)(F)FCC,Kinase Inhibitor,4
CHEMBL1001137,Analog_1137,CN(C)C(=O)C1=CC=C(C=C1)NC(=O)C2=CC=C(C=C2)NC3=NC=CC(=N3)C4=CN=CC=C4CC,Kinase Inhibitor,4
CHEMBL1001138,Analog_1138,CC1=C(C(=CC=C1)Cl)NC(=O)C2=CN=C(S2)NC3=CC(=NC(=N3)C)N4CCN(CC4)CCOCC,Kinase Inhibitor,4
CHEMBL1001139,Analog_1139,CC1=CC2=C(C=C1)N=C(C3=CC=C(C=C3)S(=O)(=O)NC(C)C)N(N2)C4=CC=CC=C4CC,Kinase Inhibitor,4
CHEMBL1001140,Analog_1140,CN1CCN(CC1)C2=CC=C(C=C2)NC3=NC=CC(=N3)C4=C(C5=C(C=CC=C5)N4)C6=CC=CC=C6CC,Kinase Inhibitor,4
CHEMBL1001141,Analog_1141,C1CC(C1)C2=CC(=C(C=C2)C3=C(C=C4C(=N3)C=CN4)C5=CC(=CC=C5)NS(=O)(=O)C)FCC,Kinase Inhibitor,4
CHEMBL1001142,Analog_1142,CC(C)(C)C1=NC(=C(S1)C2=CC(=NC(=N2)C3=CC=CC(=C3)F)C4=CC(=CC=C4)NS(=O)(=O)C)C5=CC=CC=C5CC,Kinase Inhibitor,4
CHEMBL1001143,Analog_1143,CC1=C(C=C(C=C1)F)C(=O)NC2=CC=C(C=C2)C3=C(C=C4C(=N3)C=CN4)C5=CC(=CC=C5)S(=O)(=O)NCC,Kinase Inhibitor,4
CHEMBL1001144,Analog_1144,CC1=C(C=C(C=C1)NC(=O)C2=CC=C(C=C2)CN3CCN(CC3)C)NC4=NC=CC(=N4)C5=CN=CC=C5CCC,Kinase Inhibitor,4
CHEMBL1001145,Analog_1145,COC1=C(C=C2C(=C1)N(C=N2)C3CCN(CC3)C(=O)C=C)NC4=CC(=C(C=C4)F)ClCCC,Kinase Inhibitor,4
CHEMBL1001146,Analog_1146,CS(=O)(=O)CCNHCC1=CC=C(C=C1)C2=NC(=C(N2)C3=C4C=CNC4=NC=N3)C5=C(C=CC(=C5)O)OCCC,Kinase Inhibitor,4
CHEMBL1001147,Analog_1147,COCCOC1=C(C=C2C(=C1)N(C=N2)C3=CC(=C(C=C3)C#C)NC(=O)C=C)OCCCC,Kinase Inhibitor,4
CHEMBL1001148,Analog_1148,CN1CCN(CC1)CC2=CC3=C(C=C2)N=CN=C3NC4=CC(=C(C=C4)F)ClCCC,Kinase Inhibitor,4
CHEMBL1001149,Analog_1149,CC(C)C1=NC(=C(N1)C2=NC=NC3=CC=C(C=C32)OC)C4=CC=C(C=C4)NC(=O)NC5=CC=C(C=C5)C(F)(F)FCCC,Kinase Inhibitor,4
CHEMBL1001150,Analog_1150,CN(C)C(=O)C1=CC=C(C=C1)NC(=O)C2=CC=C(C=C2)NC3=NC=CC(=N3)C4=CN=CC=C4CCC,Kinase Inhibitor,4
CHEMBL1001151,Analog_1151,CC1=C(C(=CC=C1)Cl)NC(=O)C2=CN=C(S2)NC3=CC(=NC(=N3)C)N4CCN(CC4)CCOCCC,Kinase Inhibitor,4
CHEMBL1001152,Analog_1152,CC1=CC2=C(C=C1)N=C(C3=CC=C(C=C3)S(=O)(=O)NC(C)C)N(N2)C4=CC=CC=C4CCC,Kinase Inhibitor,4
CHEMBL1001153,Analog_1153,CN1CCN(CC1)C2=CC=C(C=C2)NC3=NC=CC(=N3)C4=C(C5=C(C=CC=C5)N4)C6=CC=CC=C6CCC,Kinase Inhibitor,4
CHEMBL1001154,Analog_1154,C1CC(C1)C2=CC(=C(C=C2)C3=C(C=C4C(=N3)C=CN4)C5=CC(=CC=C5)NS(=O)(=O)C)FCCC,Kinase Inhibitor,4
CHEMBL1001155,Analog_1155,CC(C)(C)C1=NC(=C(S1)C2=CC(=NC(=N2)C3=CC=CC(=C3)F)C4=CC(=CC=C4)NS(=O)(=O)C)C5=CC=CC=C5CCC,Kinase Inhibitor,4
CHEMBL1001156,Analog_1156,CC1=C(C=C(C=C1)F)C(=O)NC2=CC=C(C=C2)C3=C(C=C4C(=N3)C=CN4)C5=CC(=CC=C5)S(=O)(=O)NCCC,Kinase Inhibitor,4
CHEMBL1001157,Analog_1157,CC1=C(C=C(C=C1)NC(=O)C2=CC=C(C=C2)CN3CCN(CC3)C)NC4=NC=CC(=N4)C5=CN=CC=C5CCCC,Kinase Inhibitor,4
CHEMBL1001158,Analog_1158,COC1=C(C=C2C(=C1)N(C=N2)C3CCN(CC3)C(=O)C=C)NC4=CC(=C(C=C4)F)ClCCCC,Kinase Inhibitor,4
CHEMBL1001159,Analog_1159,CS(=O)(=O)CCNHCC1=CC=C(C=C1)C2=NC(=C(N2)C3=C4C=CNC4=NC=N3)C5=C(C=CC(=C5)O)OCCCC,Kinase Inhibitor,4
CHEMBL1001160,Analog_1160,COCCOC1=C(C=C2C(=C1)N(C=N2)C3=CC(=C(C=C3)C#C)NC(=O)C=C)OCCCCC,Kinase Inhibitor,4
CHEMBL1001161,Analog_1161,CN1CCN(CC1)CC2=CC3=C(C=C2)N=CN=C3NC4=CC(=C(C=C4)F)ClCCCC,Kinase Inhibitor,4
CHEMBL1001162,Analog_1162,CC(C)C1=NC(=C(N1)C2=NC=NC3=CC=C(C=C32)OC)C4=CC=C(C=C4)NC(=O)NC5=CC=C(C=C5)C(F)(F)FCCCC,Kinase Inhibitor,4
CHEMBL1001163,Analog_1163,CN(C)C(=O)C1=CC=C(C=C1)NC(=O)C2=CC=C(C=C2)NC3=NC=CC(=N3)C4=CN=CC=C4CCCC,Kinase Inhibitor,4
CHEMBL1001164,Analog_1164,CC1=C(C(=CC=C1)Cl)NC(=O)C2=CN=C(S2)NC3=CC(=NC(=N3)C)N4CCN(CC4)CCOCCCC,Kinase Inhibitor,4
CHEMBL1001165,Analog_1165,CC1=CC2=C(C=C1)N=C(C3=CC=C(C=C3)S(=O)(=O)NC(C)C)N(N2)C4=CC=CC=C4CCCC,Kinase Inhibitor,4
CHEMBL1001166,Analog_1166,CN1CCN(CC1)C2=CC=C(C=C2)NC3=NC=CC(=N3)C4=C(C5=C(C=CC=C5)N4)C6=CC=CC=C6CCCC,Kinase Inhibitor,4
CHEMBL1001167,Analog_1167,C1CC(C1)C2=CC(=C(C=C2)C3=C(C=C4C(=N3)C=CN4)C5=CC(=CC=C5)NS(=O)(=O)C)FCCCC,Kinase Inhibitor,4
CHEMBL1001168,Analog_1168,CC(C)(C)C1=NC(=C(S1)C2=CC(=NC(=N2)C3=CC=CC(=C3)F)C4=CC(=CC=C4)NS(=O)(=O)C)C5=CC=CC=C5CCCC,Kinase Inhibitor,4
CHEMBL1001169,Analog_1169,CC1=C(C=C(C=C1)F)C(=O)NC2=CC=C(C=C2)C3=C(C=C4C(=N3)C=CN4)C5=CC(=CC=C5)S(=O)(=O)NCCCC,Kinase Inhibitor,4
CHEMBL1001170,Analog_1170,CC1=C(C=C(C=C1)NC(=O)C2=CC=C(C=C2)CN3CCN(CC3)C)NC4=NC=CC(=N4)C5=CN=CC=C5,Kinase Inhibitor,4
CHEMBL1001171,Analog_1171,COC1=C(C=C2C(=C1)N(C=N2)C3CCN(CC3)C(=O)C=C)NC4=CC(=C(C=C4)F)Cl,Kinase Inhibitor,4
CHEMBL1001172,Analog_1172,CS(=O)(=O)CCNHCC1=CC=C(C=C1)C2=NC(=C(N2)C3=C4C=CNC4=NC=N3)C5=C(C=CC(=C5)O)O,Kinase Inhibitor,4
CHEMBL1001173,Analog_1173,COCCOC1=C(C=C2C(=C1)N(C=N2)C3=CC(=C(C=C3)C#C)NC(=O)C=C)OC,Kinase Inhibitor,4
CHEMBL1001174,Analog_1174,CN1CCN(CC1)CC2=CC3=C(C=C2)N=CN=C3NC4=CC(=C(C=C4)F)Cl,Kinase Inhibitor,4
CHEMBL1001175,Analog_1175,CC(C)C1=NC(=C(N1)C2=NC=NC3=CC=C(C=C32)OC)C4=CC=C(C=C4)NC(=O)NC5=CC=C(C=C5)C(F)(F)F,Kinase Inhibitor,4
CHEMBL1001176,Analog_1176,CN(C)C(=O)C1=CC=C(C=C1)NC(=O)C2=CC=C(C=C2)NC3=NC=CC(=N3)C4=CN=CC=C4,Kinase Inhibitor,4
CHEMBL1001177,Analog_1177,CC1=C(C(=CC=C1)Cl)NC(=O)C2=CN=C(S2)NC3=CC(=NC(=N3)C)N4CCN(CC4)CCO,Kinase Inhibitor,4
CHEMBL1001178,Analog_1178,CC1=CC2=C(C=C1)N=C(C3=CC=C(C=C3)S(=O)(=O)NC(C)C)N(N2)C4=CC=CC=C4,Kinase Inhibitor,4
CHEMBL1001179,Analog_1179,CN1CCN(CC1)C2=CC=C(C=C2)NC3=NC=CC(=N3)C4=C(C5=C(C=CC=C5)N4)C6=CC=CC=C6,Kinase Inhibitor,4
CHEMBL1001180,Analog_1180,C1CC(C1)C2=CC(=C(C=C2)C3=C(C=C4C(=N3)C=CN4)C5=CC(=CC=C5)NS(=O)(=O)C)F,Kinase Inhibitor,4
CHEMBL1001181,Analog_1181,CC(C)(C)C1=NC(=C(S1)C2=CC(=NC(=N2)C3=CC=CC(=C3)F)C4=CC(=CC=C4)NS(=O)(=O)C)C5=CC=CC=C5,Kinase Inhibitor,4
CHEMBL1001182,Analog_1182,CC1=C(C=C(C=C1)F)C(=O)NC2=CC=C(C=C2)C3=C(C=C4C(=N3)C=CN4)C5=CC(=CC=C5)S(=O)(=O)N,Kinase Inhibitor,4
CHEMBL1001183,Analog_1183,CC1=C(C=C(C=C1)NC(=O)C2=CC=C(C=C2)CN3CCN(CC3)C)NC4=NC=CC(=N4)C5=CN=CC=C5C,Kinase Inhibitor,4
CHEMBL1001184,Analog_1184,COC1=C(C=C2C(=C1)N(C=N2)C3CCN(CC3)C(=O)C=C)NC4=CC(=C(C=C4)F)ClC,Kinase Inhibitor,4
CHEMBL1001185,Analog_1185,CS(=O)(=O)CCNHCC1=CC=C(C=C1)C2=NC(=C(N2)C3=C4C=CNC4=NC=N3)C5=C(C=CC(=C5)O)OC,Kinase Inhibitor,4
CHEMBL1001186,Analog_1186,COCCOC1=C(C=C2C(=C1)N(C=N2)C3=CC(=C(C=C3)C#C)NC(=O)C=C)OCC,Kinase Inhibitor,4
CHEMBL1001187,Analog_1187,CN1CCN(CC1)CC2=CC3=C(C=C2)N=CN=C3NC4=CC(=C(C=C4)F)ClC,Kinase Inhibitor,4
CHEMBL1001188,Analog_1188,CC(C)C1=NC(=C(N1)C2=NC=NC3=CC=C(C=C32)OC)C4=CC=C(C=C4)NC(=O)NC5=CC=C(C=C5)C(F)(F)FC,Kinase Inhibitor,4
CHEMBL1001189,Analog_1189,CN(C)C(=O)C1=CC=C(C=C1)NC(=O)C2=CC=C(C=C2)NC3=NC=CC(=N3)C4=CN=CC=C4C,Kinase Inhibitor,4
CHEMBL1001190,Analog_1190,CC1=C(C(=CC=C1)Cl)NC(=O)C2=CN=C(S2)NC3=CC(=NC(=N3)C)N4CCN(CC4)CCOC,Kinase Inhibitor,4
CHEMBL1001191,Analog_1191,CC1=CC2=C(C=C1)N=C(C3=CC=C(C=C3)S(=O)(=O)NC(C)C)N(N2)C4=CC=CC=C4C,Kinase Inhibitor,4
CHEMBL1001192,Analog_1192,CN1CCN(CC1)C2=CC=C(C=C2)NC3=NC=CC(=N3)C4=C(C5=C(C=CC=C5)N4)C6=CC=CC=C6C,Kinase Inhibitor,4
CHEMBL1001193,Analog_1193,C1CC(C1)C2=CC(=C(C=C2)C3=C(C=C4C(=N3)C=CN4)C5=CC(=CC=C5)NS(=O)(=O)C)FC,Kinase Inhibitor,4
CHEMBL1001194,Analog_1194,CC(C)(C)C1=NC(=C(S1)C2=CC(=NC(=N2)C3=CC=CC(=C3)F)C4=CC(=CC=C4)NS(=O)(=O)C)C5=CC=CC=C5C,Kinase Inhibitor,4
CHEMBL1001195,Analog_1195,CC1=C(C=C(C=C1)F)C(=O)NC2=CC=C(C=C2)C3=C(C=C4C(=N3)C=CN4)C5=CC(=CC=C5)S(=O)(=O)NC,Kinase Inhibitor,4
CHEMBL1001196,Analog_1196,CC1=C(C=C(C=C1)NC(=O)C2=CC=C(C=C2)CN3CCN(CC3)C)NC4=NC=CC(=N4)C5=CN=CC=C5CC,Kinase Inhibitor,4
CHEMBL1001197,Analog_1197,COC1=C(C=C2C(=C1)N(C=N2)C3CCN(CC3)C(=O)C=C)NC4=CC(=C(C=C4)F)ClCC,Kinase Inhibitor,4
CHEMBL1001198,Analog_1198,CS(=O)(=O)CCNHCC1=CC=C(C=C1)C2=NC(=C(N2)C3=C4C=CNC4=NC=N3)C5=C(C=CC(=C5)O)OCC,Kinase Inhibitor,4
CHEMBL1001199,Analog_1199,COCCOC1=C(C=C2C(=C1)N(C=N2)C3=CC(=C(C=C3)C#C)NC(=O)C=C)OCCC,Kinase Inhibitor,4
CHEMBL1001200,Analog_1200,CN1CCN(CC1)CC2=CC3=C(C=C2)N=CN=C3NC4=CC(=C(C=C4)F)ClCC,Kinase Inhibitor,4
CHEMBL1001201,Analog_1201,CC(C)C1=NC(=C(N1)C2=NC=NC3=CC=C(C=C32)OC)C4=CC=C(C=C4)NC(=O)NC5=CC=C(C=C5)C(F)(F)FCC,Kinase Inhibitor,4
CHEMBL1001202,Analog_1202,CN(C)C(=O)C1=CC=C(C=C1)NC(=O)C2=CC=C(C=C2)NC3=NC=CC(=N3)C4=CN=CC=C4CC,Kinase Inhibitor,4
CHEMBL1001203,Analog_1203,CC1=C(C(=CC=C1)Cl)NC(=O)C2=CN=C(S2)NC3=CC(=NC(=N3)C)N4CCN(CC4)CCOCC,Kinase Inhibitor,4
CHEMBL1001204,Analog_1204,CC1=CC2=C(C=C1)N=C(C3=CC=C(C=C3)S(=O)(=O)NC(C)C)N(N2)C4=CC=CC=C4CC,Kinase Inhibitor,4
CHEMBL1001205,Analog_1205,CN1CCN(CC1)C2=CC=C(C=C2)NC3=NC=CC(=N3)C4=C(C5=C(C=CC=C5)N4)C6=CC=CC=C6CC,Kinase Inhibitor,4
CHEMBL1001206,Analog_1206,C1CC(C1)C2=CC(=C(C=C2)C3=C(C=C4C(=N3)C=CN4)C5=CC(=CC=C5)NS(=O)(=O)C)FCC,Kinase Inhibitor,4
CHEMBL1001207,Analog_1207,CC(C)(C)C1=NC(=C(S1)C2=CC(=NC(=N2)C3=CC=CC(=C3)F)C4=CC(=CC=C4)NS(=O)(=O)C)C5=CC=CC=C5CC,Kinase Inhibitor,4
CHEMBL1001208,Analog_1208,CC1=C(C=C(C=C1)F)C(=O)NC2=CC=C(C=C2)C3=C(C=C4C(=N3)C=CN4)C5=CC(=CC=C5)S(=O)(=O)NCC,Kinase Inhibitor,4
CHEMBL1001209,Analog_1209,CC1=C(C=C(C=C1)NC(=O)C2=CC=C(C=C2)CN3CCN(CC3)C)NC4=NC=CC(=N4)C5=CN=CC=C5CCC,Kinase Inhibitor,4
CHEMBL1001210,Analog_1210,COC1=C(C=C2C(=C1)N(C=N2)C3CCN(CC3)C(=O)C=C)NC4=CC(=C(C=C4)F)ClCCC,Kinase Inhibitor,4
CHEMBL1001211,Analog_1211,CS(=O)(=O)CCNHCC1=CC=C(C=C1)C2=NC(=C(N2)C3=C4C=CNC4=NC=N3)C5=C(C=CC(=C5)O)OCCC,Kinase Inhibitor,4
CHEMBL1001212,Analog_1212,COCCOC1=C(C=C2C(=C1)N(C=N2)C3=CC(=C(C=C3)C#C)NC(=O)C=C)OCCCC,Kinase Inhibitor,4
CHEMBL1001213,Analog_1213,CN1CCN(CC1)CC2=CC3=C(C=C2)N=CN=C3NC4=CC(=C(C=C4)F)ClCCC,Kinase Inhibitor,4
CHEMBL1001214,Analog_1214,CC(C)C1=NC(=C(N1)C2=NC=NC3=CC=C(C=C32)OC)C4=CC=C(C=C4)NC(=O)NC5=CC=C(C=C5)C(F)(F)FCCC,Kinase Inhibitor,4
CHEMBL1001215,Analog_1215,CN(C)C(=O)C1=CC=C(C=C1)NC(=O)C2=CC=C(C=C2)NC3=NC=CC(=N3)C4=CN=CC=C4CCC,Kinase Inhibitor,4
CHEMBL1001216,Analog_1216,CC1=C(C(=CC=C1)Cl)NC(=O)C2=CN=C(S2)NC3=CC(=NC(=N3)C)N4CCN(CC4)CCOCCC,Kinase Inhibitor,4
CHEMBL1001217,Analog_1217,CC1=CC2=C(C=C1)N=C(C3=CC=C(C=C3)S(=O)(=O)NC(C)C)N(N2)C4=CC=CC=C4CCC,Kinase Inhibitor,4
CHEMBL1001218,Analog_1218,CN1CCN(CC1)C2=CC=C(C=C2)NC3=NC=CC(=N3)C4=C(C5=C(C=CC=C5)N4)C6=CC=CC=C6CCC,Kinase Inhibitor,4
CHEMBL1001219,Analog_1219,C1CC(C1)C2=CC(=C(C=C2)C3=C(C=C4C(=N3)C=CN4)C5=CC(=CC=C5)NS(=O)(=O)C)FCCC,Kinase Inhibitor,4
CHEMBL1001220,Analog_1220,CC(C)(C)C1=NC(=C(S1)C2=CC(=NC(=N2)C3=CC=CC(=C3)F)C4=CC(=CC=C4)NS(=O)(=O)C)C5=CC=CC=C5CCC,Kinase Inhibitor,4
CHEMBL1001221,Analog_1221,CC1=C(C=C(C=C1)F)C(=O)NC2=CC=C(C=C2)C3=C(C=C4C(=N3)C=CN4)C5=CC(=CC=C5)S(=O)(=O)NCCC,Kinase Inhibitor,4
CHEMBL1001222,Analog_1222,CC1=C(C=C(C=C1)NC(=O)C2=CC=C(C=C2)CN3CCN(CC3)C)NC4=NC=CC(=N4)C5=CN=CC=C5CCCC,Kinase Inhibitor,4
CHEMBL1001223,Analog_1223,COC1=C(C=C2C(=C1)N(C=N2)C3CCN(CC3)C(=O)C=C)NC4=CC(=C(C=C4)F)ClCCCC,Kinase Inhibitor,4
CHEMBL1001224,Analog_1224,CS(=O)(=O)CCNHCC1=CC=C(C=C1)C2=NC(=C(N2)C3=C4C=CNC4=NC=N3)C5=C(C=CC(=C5)O)OCCCC,Kinase Inhibitor,4
CHEMBL1001225,Analog_1225,COCCOC1=C(C=C2C(=C1)N(C=N2)C3=CC(=C(C=C3)C#C)NC(=O)C=C)OCCCCC,Kinase Inhibitor,4
CHEMBL1001226,Analog_1226,CN1CCN(CC1)CC2=CC3=C(C=C2)N=CN=C3NC4=CC(=C(C=C4)F)ClCCCC,Kinase Inhibitor,4
CHEMBL1001227,Analog_1227,CC(C)C1=NC(=C(N1)C2=NC=NC3=CC=C(C=C32)OC)C4=CC=C(C=C4)NC(=O)NC5=CC=C(C=C5)C(F)(F)FCCCC,Kinase Inhibitor,4
CHEMBL1001228,Analog_1228,CN(C)C(=O)C1=CC=C(C=C1)NC(=O)C2=CC=C(C=C2)NC3=NC=CC(=N3)C4=CN=CC=C4CCCC,Kinase Inhibitor,4
CHEMBL1001229,Analog_1229,CC1=C(C(=CC=C1)Cl)NC(=O)C2=CN=C(S2)NC3=CC(=NC(=N3)C)N4CCN(CC4)CCOCCCC,Kinase Inhibitor,4
CHEMBL1001230,Analog_1230,CC1=CC2=C(C=C1)N=C(C3=CC=C(C=C3)S(=O)(=O)NC(C)C)N(N2)C4=CC=CC=C4CCCC,Kinase Inhibitor,4
CHEMBL1001231,Analog_1231,CN1CCN(CC1)C2=CC=C(C=C2)NC3=NC=CC(=N3)C4=C(C5=C(C=CC=C5)N4)C6=CC=CC=C6CCCC,Kinase Inhibitor,4
CHEMBL1001232,Analog_1232,C1CC(C1)C2=CC(=C(C=C2)C3=C(C=C4C(=N3)C=CN4)C5=CC(=CC=C5)NS(=O)(=O)C)FCCCC,Kinase Inhibitor,4
CHEMBL1001233,Analog_1233,CC(C)(C)C1=NC(=C(S1)C2=CC(=NC(=N2)C3=CC=CC(=C3)F)C4=CC(=CC=C4)NS(=O)(=O)C)C5=CC=CC=C5CCCC,Kinase Inhibitor,4
CHEMBL1001234,Analog_1234,CC1=C(C=C(C=C1)F)C(=O)NC2=CC=C(C=C2)C3=C(C=C4C(=N3)C=CN4)C5=CC(=CC=C5)S(=O)(=O)NCCCC,Kinase Inhibitor,4
CHEMBL1001235,Analog_1235,CC1=C(C=C(C=C1)NC(=O)C2=CC=C(C=C2)CN3CCN(CC3)C)NC4=NC=CC(=N4)C5=CN=CC=C5,Kinase Inhibitor,4
CHEMBL1001236,Analog_1236,COC1=C(C=C2C(=C1)N(C=N2)C3CCN(CC3)C(=O)C=C)NC4=CC(=C(C=C4)F)Cl,Kinase Inhibitor,4
CHEMBL1001237,Analog_1237,CS(=O)(=O)CCNHCC1=CC=C(C=C1)C2=NC(=C(N2)C3=C4C=CNC4=NC=N3)C5=C(C=CC(=C5)O)O,Kinase Inhibitor,4
CHEMBL1001238,Analog_1238,COCCOC1=C(C=C2C(=C1)N(C=N2)C3=CC(=C(C=C3)C#C)NC(=O)C=C)OC,Kinase Inhibitor,4
CHEMBL1001239,Analog_1239,CN1CCN(CC1)CC2=CC3=C(C=C2)N=CN=C3NC4=CC(=C(C=C4)F)Cl,Kinase Inhibitor,4
CHEMBL1001240,Analog_1240,CC(C)C1=NC(=C(N1)C2=NC=NC3=CC=C(C=C32)OC)C4=CC=C(C=C4)NC(=O)NC5=CC=C(C=C5)C(F)(F)F,Kinase Inhibitor,4
CHEMBL1001241,Analog_1241,CN(C)C(=O)C1=CC=C(C=C1)NC(=O)C2=CC=C(C=C2)NC3=NC=CC(=N3)C4=CN=CC=C4,Kinase Inhibitor,4
CHEMBL1001242,Analog_1242,CC1=C(C(=CC=C1)Cl)NC(=O)C2=CN=C(S2)NC3=CC(=NC(=N3)C)N4CCN(CC4)CCO,Kinase Inhibitor,4
CHEMBL1001243,Analog_1243,CC1=CC2=C(C=C1)N=C(C3=CC=C(C=C3)S(=O)(=O)NC(C)C)N(N2)C4=CC=CC=C4,Kinase Inhibitor,4
CHEMBL1001244,Analog_1244,CN1CCN(CC1)C2=CC=C(C=C2)NC3=NC=CC(=N3)C4=C(C5=C(C=CC=C5)N4)C6=CC=CC=C6,Kinase Inhibitor,4
CHEMBL1001245,Analog_1245,C1CC(C1)C2=CC(=C(C=C2)C3=C(C=C4C(=N3)C=CN4)C5=CC(=CC=C5)NS(=O)(=O)C)F,Kinase Inhibitor,4
CHEMBL1001246,Analog_1246,CC(C)(C)C1=NC(=C(S1)C2=CC(=NC(=N2)C3=CC=CC(=C3)F)C4=CC(=CC=C4)NS(=O)(=O)C)C5=CC=CC=C5,Kinase Inhibitor,4
CHEMBL1001247,Analog_1247,CC1=C(C=C(C=C1)F)C(=O)NC2=CC=C(C=C2)C3=C(C=C4C(=N3)C=CN4)C5=CC(=CC=C5)S(=O)(=O)N,Kinase Inhibitor,4
CHEMBL1001248,Analog_1248,CC1=C(C=C(C=C1)NC(=O)C2=CC=C(C=C2)CN3CCN(CC3)C)NC4=NC=CC(=N4)C5=CN=CC=C5C,Kinase Inhibitor,4
CHEMBL1001249,Analog_1249,COC1=C(C=C2C(=C1)N(C=N2)C3CCN(CC3)C(=O)C=C)NC4=CC(=C(C=C4)F)ClC,Kinase Inhibitor,4
CHEMBL1001250,Analog_1250,CS(=O)(=O)CCNHCC1=CC=C(C=C1)C2=NC(=C(N2)C3=C4C=CNC4=NC=N3)C5=C(C=CC(=C5)O)OC,Kinase Inhibitor,4
CHEMBL1001251,Analog_1251,COCCOC1=C(C=C2C(=C1)N(C=N2)C3=CC(=C(C=C3)C#C)NC(=O)C=C)OCC,Kinase Inhibitor,4
CHEMBL1001252,Analog_1252,CN1CCN(CC1)CC2=CC3=C(C=C2)N=CN=C3NC4=CC(=C(C=C4)F)ClC,Kinase Inhibitor,4
CHEMBL1001253,Analog_1253,CC(C)C1=NC(=C(N1)C2=NC=NC3=CC=C(C=C32)OC)C4=CC=C(C=C4)NC(=O)NC5=CC=C(C=C5)C(F)(F)FC,Kinase Inhibitor,4
CHEMBL1001254,Analog_1254,CN(C)C(=O)C1=CC=C(C=C1)NC(=O)C2=CC=C(C=C2)NC3=NC=CC(=N3)C4=CN=CC=C4C,Kinase Inhibitor,4
CHEMBL1001255,Analog_1255,CC1=C(C(=CC=C1)Cl)NC(=O)C2=CN=C(S2)NC3=CC(=NC(=N3)C)N4CCN(CC4)CCOC,Kinase Inhibitor,4
CHEMBL1001256,Analog_1256,CC1=CC2=C(C=C1)N=C(C3=CC=C(C=C3)S(=O)(=O)NC(C)C)N(N2)C4=CC=CC=C4C,Kinase Inhibitor,4
CHEMBL1001257,Analog_1257,CN1CCN(CC1)C2=CC=C(C=C2)NC3=NC=CC(=N3)C4=C(C5=C(C=CC=C5)N4)C6=CC=CC=C6C,Kinase Inhibitor,4
CHEMBL1001258,Analog_1258,C1CC(C1)C2=CC(=C(C=C2)C3=C(C=C4C(=N3)C=CN4)C5=CC(=CC=C5)NS(=O)(=O)C)FC,Kinase Inhibitor,4
CHEMBL1001259,Analog_1259,CC(C)(C)C1=NC(=C(S1)C2=CC(=NC(=N2)C3=CC=CC(=C3)F)C4=CC(=CC=C4)NS(=O)(=O)C)C5=CC=CC=C5C,Kinase Inhibitor,4
CHEMBL1001260,Analog_1260,CC1=C(C=C(C=C1)F)C(=O)NC2=CC=C(C=C2)C3=C(C=C4C(=N3)C=CN4)C5=CC(=CC=C5)S(=O)(=O)NC,Kinase Inhibitor,4
CHEMBL1001261,Analog_1261,CC1=C(C=C(C=C1)NC(=O)C2=CC=C(C=C2)CN3CCN(CC3)C)NC4=NC=CC(=N4)C5=CN=CC=C5CC,Kinase Inhibitor,4
CHEMBL1001262,Analog_1262,COC1=C(C=C2C(=C1)N(C=N2)C3CCN(CC3)C(=O)C=C)NC4=CC(=C(C=C4)F)ClCC,Kinase Inhibitor,4
CHEMBL1001263,Analog_1263,CS(=O)(=O)CCNHCC1=CC=C(C=C1)C2=NC(=C(N2)C3=C4C=CNC4=NC=N3)C5=C(C=CC(=C5)O)OCC,Kinase Inhibitor,4
CHEMBL1001264,Analog_1264,COCCOC1=C(C=C2C(=C1)N(C=N2)C3=CC(=C(C=C3)C#C)NC(=O)C=C)OCCC,Kinase Inhibitor,4
CHEMBL1001265,Analog_1265,CN1CCN(CC1)CC2=CC3=C(C=C2)N=CN=C3NC4=CC(=C(C=C4)F)ClCC,Kinase Inhibitor,4
CHEMBL1001266,Analog_1266,CC(C)C1=NC(=C(N1)C2=NC=NC3=CC=C(C=C32)OC)C4=CC=C(C=C4)NC(=O)NC5=CC=C(C=C5)C(F)(F)FCC,Kinase Inhibitor,4
CHEMBL1001267,Analog_1267,CN(C)C(=O)C1=CC=C(C=C1)NC(=O)C2=CC=C(C=C2)NC3=NC=CC(=N3)C4=CN=CC=C4CC,Kinase Inhibitor,4
CHEMBL1001268,Analog_1268,CC1=C(C(=CC=C1)Cl)NC(=O)C2=CN=C(S2)NC3=CC(=NC(=N3)C)N4CCN(CC4)CCOCC,Kinase Inhibitor,4
CHEMBL1001269,Analog_1269,CC1=CC2=C(C=C1)N=C(C3=CC=C(C=C3)S(=O)(=O)NC(C)C)N(N2)C4=CC=CC=C4CC,Kinase Inhibitor,4
CHEMBL1001270,Analog_1270,CN1CCN(CC1)C2=CC=C(C=C2)NC3=NC=CC(=N3)C4=C(C5=C(C=CC=C5)N4)C6=CC=CC=C6CC,Kinase Inhibitor,4
CHEMBL1001271,Analog_1271,C1CC(C1)C2=CC(=C(C=C2)C3=C(C=C4C(=N3)C=CN4)C5=CC(=CC=C5)NS(=O)(=O)C)FCC,Kinase Inhibitor,4
CHEMBL1001272,Analog_1272,CC(C)(C)C1=NC(=C(S1)C2=CC(=NC(=N2)C3=CC=CC(=C3)F)C4=CC(=CC=C4)NS(=O)(=O)C)C5=CC=CC=C5CC,Kinase Inhibitor,4
CHEMBL1001273,Analog_1273,CC1=C(C=C(C=C1)F)C(=O)NC2=CC=C(C=C2)C3=C(C=C4C(=N3)C=CN4)C5=CC(=CC=C5)S(=O)(=O)NCC,Kinase Inhibitor,4
CHEMBL1001274,Analog_1274,CC1=C(C=C(C=C1)NC(=O)C2=CC=C(C=C2)CN3CCN(CC3)C)NC4=NC=CC(=N4)C5=CN=CC=C5CCC,Kinase Inhibitor,4
CHEMBL1001275,Analog_1275,COC1=C(C=C2C(=C1)N(C=N2)C3CCN(CC3)C(=O)C=C)NC4=CC(=C(C=C4)F)ClCCC,Kinase Inhibitor,4
CHEMBL1001276,Analog_1276,CS(=O)(=O)CCNHCC1=CC=C(C=C1)C2=NC(=C(N2)C3=C4C=CNC4=NC=N3)C5=C(C=CC(=C5)O)OCCC,Kinase Inhibitor,4
CHEMBL1001277,Analog_1277,COCCOC1=C(C=C2C(=C1)N(C=N2)C3=CC(=C(C=C3)C#C)NC(=O)C=C)OCCCC,Kinase Inhibitor,4
CHEMBL1001278,Analog_1278,CN1CCN(CC1)CC2=CC3=C(C=C2)N=CN=C3NC4=CC(=C(C=C4)F)ClCCC,Kinase Inhibitor,4
CHEMBL1001279,Analog_1279,CC(C)C1=NC(=C(N1)C2=NC=NC3=CC=C(C=C32)OC)C4=CC=C(C=C4)NC(=O)NC5=CC=C(C=C5)C(F)(F)FCCC,Kinase Inhibitor,4
CHEMBL1001280,Analog_1280,CN(C)C(=O)C1=CC=C(C=C1)NC(=O)C2=CC=C(C=C2)NC3=NC=CC(=N3)C4=CN=CC=C4CCC,Kinase Inhibitor,4
CHEMBL1001281,Analog_1281,CC1=C(C(=CC=C1)Cl)NC(=O)C2=CN=C(S2)NC3=CC(=NC(=N3)C)N4CCN(CC4)CCOCCC,Kinase Inhibitor,4
CHEMBL1001282,Analog_1282,CC1=CC2=C(C=C1)N=C(C3=CC=C(C=C3)S(=O)(=O)NC(C)C)N(N2)C4=CC=CC=C4CCC,Kinase Inhibitor,4
CHEMBL1001283,Analog_1283,CN1CCN(CC1)C2=CC=C(C=C2)NC3=NC=CC(=N3)C4=C(C5=C(C=CC=C5)N4)C6=CC=CC=C6CCC,Kinase Inhibitor,4
CHEMBL1001284,Analog_1284,C1CC(C1)C2=CC(=C(C=C2)C3=C(C=C4C(=N3)C=CN4)C5=CC(=CC=C5)NS(=O)(=O)C)FCCC,Kinase Inhibitor,4
CHEMBL1001285,Analog_1285,CC(C)(C)C1=NC(=C(S1)C2=CC(=NC(=N2)C3=CC=CC(=C3)F)C4=CC(=CC=C4)NS(=O)(=O)C)C5=CC=CC=C5CCC,Kinase Inhibitor,4
CHEMBL1001286,Analog_1286,CC1=C(C=C(C=C1)F)C(=O)NC2=CC=C(C=C2)C3=C(C=C4C(=N3)C=CN4)C5=CC(=CC=C5)S(=O)(=O)NCCC,Kinase Inhibitor,4
CHEMBL1001287,Analog_1287,CC1=C(C=C(C=C1)NC(=O)C2=CC=C(C=C2)CN3CCN(CC3)C)NC4=NC=CC(=N4)C5=CN=CC=C5CCCC,Kinase Inhibitor,4
CHEMBL1001288,Analog_1288,COC1=C(C=C2C(=C1)N(C=N2)C3CCN(CC3)C(=O)C=C)NC4=CC(=C(C=C4)F)ClCCCC,Kinase Inhibitor,4
CHEMBL1001289,Analog_1289,CS(=O)(=O)CCNHCC1=CC=C(C=C1)C2=NC(=C(N2)C3=C4C=CNC4=NC=N3)C5=C(C=CC(=C5)O)OCCCC,Kinase Inhibitor,4
CHEMBL1001290,Analog_1290,COCCOC1=C(C=C2C(=C1)N(C=N2)C3=CC(=C(C=C3)C#C)NC(=O)C=C)OCCCCC,Kinase Inhibitor,4
CHEMBL1001291,Analog_1291,CN1CCN(CC1)CC2=CC3=C(C=C2)N=CN=C3NC4=CC(=C(C=C4)F)ClCCCC,Kinase Inhibitor,4
CHEMBL1001292,Analog_1292,CC(C)C1=NC(=C(N1)C2=NC=NC3=CC=C(C=C32)OC)C4=CC=C(C=C4)NC(=O)NC5=CC=C(C=C5)C(F)(F)FCCCC,Kinase Inhibitor,4
CHEMBL1001293,Analog_1293,CN(C)C(=O)C1=CC=C(C=C1)NC(=O)C2=CC=C(C=C2)NC3=NC=CC(=N3)C4=CN=CC=C4CCCC,Kinase Inhibitor,4
CHEMBL1001294,Analog_1294,CC1=C(C(=CC=C1)Cl)NC(=O)C2=CN=C(S2)NC3=CC(=NC(=N3)C)N4CCN(CC4)CCOCCCC,Kinase Inhibitor,4
CHEMBL1001295,Analog_1295,CC1=CC2=C(C=C1)N=C(C3=CC=C(C=C3)S(=O)(=O)NC(C)C)N(N2)C4=CC=CC=C4CCCC,Kinase Inhibitor,4
CHEMBL1001296,Analog_1296,CN1CCN(CC1)C2=CC=C(C=C2)NC3=NC=CC(=N3)C4=C(C5=C(C=CC=C5)N4)C6=CC=CC=C6CCCC,Kinase Inhibitor,4
CHEMBL1001297,Analog_1297,C1CC(C1)C2=CC(=C(C=C2)C3=C(C=C4C(=N3)C=CN4)C5=CC(=CC=C5)NS(=O)(=O)C)FCCCC,Kinase Inhibitor,4
CHEMBL1001298,Analog_1298,CC(C)(C)C1=NC(=C(S1)C2=CC(=NC(=N2)C3=CC=CC(=C3)F)C4=CC(=CC=C4)NS(=O)(=O)C)C5=CC=CC=C5CCCC,Kinase Inhibitor,4
CHEMBL1001299,Analog_1299,CC1=C(C=C(C=C1)F)C(=O)NC2=CC=C(C=C2)C3=C(C=C4C(=N3)C=CN4)C5=CC(=CC=C5)S(=O)(=O)NCCCC,Kinase Inhibitor,4
CHEMBL1001300,Analog_1300,CC1=C(C=C(C=C1)NC(=O)C2=CC=C(C=C2)CN3CCN(CC3)C)NC4=NC=CC(=N4)C5=CN=CC=C5,Kinase Inhibitor,4
CHEMBL1001301,Analog_1301,COC1=C(C=C2C(=C1)N(C=N2)C3CCN(CC3)C(=O)C=C)NC4=CC(=C(C=C4)F)Cl,Kinase Inhibitor,4
CHEMBL1001302,Analog_1302,CS(=O)(=O)CCNHCC1=CC=C(C=C1)C2=NC(=C(N2)C3=C4C=CNC4=NC=N3)C5=C(C=CC(=C5)O)O,Kinase Inhibitor,4
CHEMBL1001303,Analog_1303,COCCOC1=C(C=C2C(=C1)N(C=N2)C3=CC(=C(C=C3)C#C)NC(=O)C=C)OC,Kinase Inhibitor,4
CHEMBL1001304,Analog_1304,CN1CCN(CC1)CC2=CC3=C(C=C2)N=CN=C3NC4=CC(=C(C=C4)F)Cl,Kinase Inhibitor,4
CHEMBL1001305,Analog_1305,CC(C)C1=NC(=C(N1)C2=NC=NC3=CC=C(C=C32)OC)C4=CC=C(C=C4)NC(=O)NC5=CC=C(C=C5)C(F)(F)F,Kinase Inhibitor,4
CHEMBL1001306,Analog_1306,CN(C)C(=O)C1=CC=C(C=C1)NC(=O)C2=CC=C(C=C2)NC3=NC=CC(=N3)C4=CN=CC=C4,Kinase Inhibitor,4
CHEMBL1001307,Analog_1307,CC1=C(C(=CC=C1)Cl)NC(=O)C2=CN=C(S2)NC3=CC(=NC(=N3)C)N4CCN(CC4)CCO,Kinase Inhibitor,4
CHEMBL1001308,Analog_1308,CC1=CC2=C(C=C1)N=C(C3=CC=C(C=C3)S(=O)(=O)NC(C)C)N(N2)C4=CC=CC=C4,Kinase Inhibitor,4
CHEMBL1001309,Analog_1309,CN1CCN(CC1)C2=CC=C(C=C2)NC3=NC=CC(=N3)C4=C(C5=C(C=CC=C5)N4)C6=CC=CC=C6,Kinase Inhibitor,4
CHEMBL1001310,Analog_1310,C1CC(C1)C2=CC(=C(C=C2)C3=C(C=C4C(=N3)C=CN4)C5=CC(=CC=C5)NS(=O)(=O)C)F,Kinase Inhibitor,4
CHEMBL1001311,Analog_1311,CC(C)(C)C1=NC(=C(S1)C2=CC(=NC(=N2)C3=CC=CC(=C3)F)C4=CC(=CC=C4)NS(=O)(=O)C)C5=CC=CC=C5,Kinase Inhibitor,4
CHEMBL1001312,Analog_1312,CC1=C(C=C(C=C1)F)C(=O)NC2=CC=C(C=C2)C3=C(C=C4C(=N3)C=CN4)C5=CC(=CC=C5)S(=O)(=O)N,Kinase Inhibitor,4
CHEMBL1001313,Analog_1313,CC1=C(C=C(C=C1)NC(=O)C2=CC=C(C=C2)CN3CCN(CC3)C)NC4=NC=CC(=N4)C5=CN=CC=C5C,Kinase Inhibitor,4
CHEMBL1001314,Analog_1314,COC1=C(C=C2C(=C1)N(C=N2)C3CCN(CC3)C(=O)C=C)NC4=CC(=C(C=C4)F)ClC,Kinase Inhibitor,4
CHEMBL1001315,Analog_1315,CS(=O)(=O)CCNHCC1=CC=C(C=C1)C2=NC(=C(N2)C3=C4C=CNC4=NC=N3)C5=C(C=CC(=C5)O)OC,Kinase Inhibitor,4
CHEMBL1001316,Analog_1316,COCCOC1=C(C=C2C(=C1)N(C=N2)C3=CC(=C(C=C3)C#C)NC(=O)C=C)OCC,Kinase Inhibitor,4
CHEMBL1001317,Analog_1317,CN1CCN(CC1)CC2=CC3=C(C=C2)N=CN=C3NC4=CC(=C(C=C4)F)ClC,Kinase Inhibitor,4
CHEMBL1001318,Analog_1318,CC(C)C1=NC(=C(N1)C2=NC=NC3=CC=C(C=C32)OC)C4=CC=C(C=C4)NC(=O)NC5=CC=C(C=C5)C(F)(F)FC,Kinase Inhibitor,4
CHEMBL1001319,Analog_1319,CN(C)C(=O)C1=CC=C(C=C1)NC(=O)C2=CC=C(C=C2)NC3=NC=CC(=N3)C4=CN=CC=C4C,Kinase Inhibitor,4
CHEMBL1001320,Analog_1320,CC1=C(C(=CC=C1)Cl)NC(=O)C2=CN=C(S2)NC3=CC(=NC(=N3)C)N4CCN(CC4)CCOC,Kinase Inhibitor,4
CHEMBL1001321,Analog_1321,CC1=CC2=C(C=C1)N=C(C3=CC=C(C=C3)S(=O)(=O)NC(C)C)N(N2)C4=CC=CC=C4C,Kinase Inhibitor,4
CHEMBL1001322,Analog_1322,CN1CCN(CC1)C2=CC=C(C=C2)NC3=NC=CC(=N3)C4=C(C5=C(C=CC=C5)N4)C6=CC=CC=C6C,Kinase Inhibitor,4
CHEMBL1001323,Analog_1323,C1CC(C1)C2=CC(=C(C=C2)C3=C(C=C4C(=N3)C=CN4)C5=CC(=CC=C5)NS(=O)(=O)C)FC,Kinase Inhibitor,4
CHEMBL1001324,Analog_1324,CC(C)(C)C1=NC(=C(S1)C2=CC(=NC(=N2)C3=CC=CC(=C3)F)C4=CC(=CC=C4)NS(=O)(=O)C)C5=CC=CC=C5C,Kinase Inhibitor,4
CHEMBL1001325,Analog_1325,CC1=C(C=C(C=C1)F)C(=O)NC2=CC=C(C=C2)C3=C(C=C4C(=N3)C=CN4)C5=CC(=CC=C5)S(=O)(=O)NC,Kinase Inhibitor,4
CHEMBL1001326,Analog_1326,CC1=C(C=C(C=C1)NC(=O)C2=CC=C(C=C2)CN3CCN(CC3)C)NC4=NC=CC(=N4)C5=CN=CC=C5CC,Kinase Inhibitor,4
CHEMBL1001327,Analog_1327,COC1=C(C=C2C(=C1)N(C=N2)C3CCN(CC3)C(=O)C=C)NC4=CC(=C(C=C4)F)ClCC,Kinase Inhibitor,4
CHEMBL1001328,Analog_1328,CS(=O)(=O)CCNHCC1=CC=C(C=C1)C2=NC(=C(N2)C3=C4C=CNC4=NC=N3)C5=C(C=CC(=C5)O)OCC,Kinase Inhibitor,4
CHEMBL1001329,Analog_1329,COCCOC1=C(C=C2C(=C1)N(C=N2)C3=CC(=C(C=C3)C#C)NC(=O)C=C)OCCC,Kinase Inhibitor,4
CHEMBL1001330,Analog_1330,CN1CCN(CC1)CC2=CC3=C(C=C2)N=CN=C3NC4=CC(=C(C=C4)F)ClCC,Kinase Inhibitor,4
CHEMBL1001331,Analog_1331,CC(C)C1=NC(=C(N1)C2=NC=NC3=CC=C(C=C32)OC)C4=CC=C(C=C4)NC(=O)NC5=CC=C(C=C5)C(F)(F)FCC,Kinase Inhibitor,4
CHEMBL1001332,Analog_1332,CN(C)C(=O)C1=CC=C(C=C1)NC(=O)C2=CC=C(C=C2)NC3=NC=CC(=N3)C4=CN=CC=C4CC,Kinase Inhibitor,4
CHEMBL1001333,Analog_1333,CC1=C(C(=CC=C1)Cl)NC(=O)C2=CN=C(S2)NC3=CC(=NC(=N3)C)N4CCN(CC4)CCOCC,Kinase Inhibitor,4
CHEMBL1001334,Analog_1334,CC1=CC2=C(C=C1)N=C(C3=CC=C(C=C3)S(=O)(=O)NC(C)C)N(N2)C4=CC=CC=C4CC,Kinase Inhibitor,4
CHEMBL1001335,Analog_1335,CN1CCN(CC1)C2=CC=C(C=C2)NC3=NC=CC(=N3)C4=C(C5=C(C=CC=C5)N4)C6=CC=CC=C6CC,Kinase Inhibitor,4
CHEMBL1001336,Analog_1336,C1CC(C1)C2=CC(=C(C=C2)C3=C(C=C4C(=N3)C=CN4)C5=CC(=CC=C5)NS(=O)(=O)C)FCC,Kinase Inhibitor,4
CHEMBL1001337,Analog_1337,CC(C)(C)C1=NC(=C(S1)C2=CC(=NC(=N2)C3=CC=CC(=C3)F)C4=CC(=CC=C4)NS(=O)(=O)C)C5=CC=CC=C5CC,Kinase Inhibitor,4
CHEMBL1001338,Analog_1338,CC1=C(C=C(C=C1)F)C(=O)NC2=CC=C(C=C2)C3=C(C=C4C(=N3)C=CN4)C5=CC(=CC=C5)S(=O)(=O)NCC,Kinase Inhibitor,4
CHEMBL1001339,Analog_1339,CC1=C(C=C(C=C1)NC(=O)C2=CC=C(C=C2)CN3CCN(CC3)C)NC4=NC=CC(=N4)C5=CN=CC=C5CCC,Kinase Inhibitor,4
CHEMBL1001340,Analog_1340,COC1=C(C=C2C(=C1)N(C=N2)C3CCN(CC3)C(=O)C=C)NC4=CC(=C(C=C4)F)ClCCC,Kinase Inhibitor,4
CHEMBL1001341,Analog_1341,CS(=O)(=O)CCNHCC1=CC=C(C=C1)C2=NC(=C(N2)C3=C4C=CNC4=NC=N3)C5=C(C=CC(=C5)O)OCCC,Kinase Inhibitor,4
CHEMBL1001342,Analog_1342,COCCOC1=C(C=C2C(=C1)N(C=N2)C3=CC(=C(C=C3)C#C)NC(=O)C=C)OCCCC,Kinase Inhibitor,4
CHEMBL1001343,Analog_1343,CN1CCN(CC1)CC2=CC3=C(C=C2)N=CN=C3NC4=CC(=C(C=C4)F)ClCCC,Kinase Inhibitor,4
CHEMBL1001344,Analog_1344,CC(C)C1=NC(=C(N1)C2=NC=NC3=CC=C(C=C32)OC)C4=CC=C(C=C4)NC(=O)NC5=CC=C(C=C5)C(F)(F)FCCC,Kinase Inhibitor,4
CHEMBL1001345,Analog_1345,CN(C)C(=O)C1=CC=C(C=C1)NC(=O)C2=CC=C(C=C2)NC3=NC=CC(=N3)C4=CN=CC=C4CCC,Kinase Inhibitor,4
CHEMBL1001346,Analog_1346,CC1=C(C(=CC=C1)Cl)NC(=O)C2=CN=C(S2)NC3=CC(=NC(=N3)C)N4CCN(CC4)CCOCCC,Kinase Inhibitor,4
CHEMBL1001347,Analog_1347,CC1=CC2=C(C=C1)N=C(C3=CC=C(C=C3)S(=O)(=O)NC(C)C)N(N2)C4=CC=CC=C4CCC,Kinase Inhibitor,4
CHEMBL1001348,Analog_1348,CN1CCN(CC1)C2=CC=C(C=C2)NC3=NC=CC(=N3)C4=C(C5=C(C=CC=C5)N4)C6=CC=CC=C6CCC,Kinase Inhibitor,4
CHEMBL1001349,Analog_1349,C1CC(C1)C2=CC(=C(C=C2)C3=C(C=C4C(=N3)C=CN4)C5=CC(=CC=C5)NS(=O)(=O)C)FCCC,Kinase Inhibitor,4
CHEMBL1001350,Analog_1350,CC(C)(C)C1=NC(=C(S1)C2=CC(=NC(=N2)C3=CC=CC(=C3)F)C4=CC(=CC=C4)NS(=O)(=O)C)C5=CC=CC=C5CCC,Kinase Inhibitor,4
CHEMBL1001351,Analog_1351,CC1=C(C=C(C=C1)F)C(=O)NC2=CC=C(C=C2)C3=C(C=C4C(=N3)C=CN4)C5=CC(=CC=C5)S(=O)(=O)NCCC,Kinase Inhibitor,4
CHEMBL1001352,Analog_1352,CC1=C(C=C(C=C1)NC(=O)C2=CC=C(C=C2)CN3CCN(CC3)C)NC4=NC=CC(=N4)C5=CN=CC=C5CCCC,Kinase Inhibitor,4
CHEMBL1001353,Analog_1353,COC1=C(C=C2C(=C1)N(C=N2)C3CCN(CC3)C(=O)C=C)NC4=CC(=C(C=C4)F)ClCCCC,Kinase Inhibitor,4
CHEMBL1001354,Analog_1354,CS(=O)(=O)CCNHCC1=CC=C(C=C1)C2=NC(=C(N2)C3=C4C=CNC4=NC=N3)C5=C(C=CC(=C5)O)OCCCC,Kinase Inhibitor,4
CHEMBL1001355,Analog_1355,COCCOC1=C(C=C2C(=C1)N(C=N2)C3=CC(=C(C=C3)C#C)NC(=O)C=C)OCCCCC,Kinase Inhibitor,4
CHEMBL1001356,Analog_1356,CN1CCN(CC1)CC2=CC3=C(C=C2)N=CN=C3NC4=CC(=C(C=C4)F)ClCCCC,Kinase Inhibitor,4
CHEMBL1001357,Analog_1357,CC(C)C1=NC(=C(N1)C2=NC=NC3=CC=C(C=C32)OC)C4=CC=C(C=C4)NC(=O)NC5=CC=C(C=C5)C(F)(F)FCCCC,Kinase Inhibitor,4
CHEMBL1001358,Analog_1358,CN(C)C(=O)C1=CC=C(C=C1)NC(=O)C2=CC=C(C=C2)NC3=NC=CC(=N3)C4=CN=CC=C4CCCC,Kinase Inhibitor,4
CHEMBL1001359,Analog_1359,CC1=C(C(=CC=C1)Cl)NC(=O)C2=CN=C(S2)NC3=CC(=NC(=N3)C)N4CCN(CC4)CCOCCCC,Kinase Inhibitor,4
CHEMBL1001360,Analog_1360,CC1=CC2=C(C=C1)N=C(C3=CC=C(C=C3)S(=O)(=O)NC(C)C)N(N2)C4=CC=CC=C4CCCC,Kinase Inhibitor,4
CHEMBL1001361,Analog_1361,CN1CCN(CC1)C2=CC=C(C=C2)NC3=NC=CC(=N3)C4=C(C5=C(C=CC=C5)N4)C6=CC=CC=C6CCCC,Kinase Inhibitor,4
CHEMBL1001362,Analog_1362,C1CC(C1)C2=CC(=C(C=C2)C3=C(C=C4C(=N3)C=CN4)C5=CC(=CC=C5)NS(=O)(=O)C)FCCCC,Kinase Inhibitor,4
CHEMBL1001363,Analog_1363,CC(C)(C)C1=NC(=C(S1)C2=CC(=NC(=N2)C3=CC=CC(=C3)F)C4=CC(=CC=C4)NS(=O)(=O)C)C5=CC=CC=C5CCCC,Kinase Inhibitor,4
CHEMBL1001364,Analog_1364,CC1=C(C=C(C=C1)F)C(=O)NC2=CC=C(C=C2)C3=C(C=C4C(=N3)C=CN4)C5=CC(=CC=C5)S(=O)(=O)NCCCC,Kinase Inhibitor,4
CHEMBL1001365,Analog_1365,CC1=C(C=C(C=C1)NC(=O)C2=CC=C(C=C2)CN3CCN(CC3)C)NC4=NC=CC(=N4)C5=CN=CC=C5,Kinase Inhibitor,4
CHEMBL1001366,Analog_1366,COC1=C(C=C2C(=C1)N(C=N2)C3CCN(CC3)C(=O)C=C)NC4=CC(=C(C=C4)F)Cl,Kinase Inhibitor,4
CHEMBL1001367,Analog_1367,CS(=O)(=O)CCNHCC1=CC=C(C=C1)C2=NC(=C(N2)C3=C4C=CNC4=NC=N3)C5=C(C=CC(=C5)O)O,Kinase Inhibitor,4
CHEMBL1001368,Analog_1368,COCCOC1=C(C=C2C(=C1)N(C=N2)C3=CC(=C(C=C3)C#C)NC(=O)C=C)OC,Kinase Inhibitor,4
CHEMBL1001369,Analog_1369,CN1CCN(CC1)CC2=CC3=C(C=C2)N=CN=C3NC4=CC(=C(C=C4)F)Cl,Kinase Inhibitor,4
CHEMBL1001370,Analog_1370,CC(C)C1=NC(=C(N1)C2=NC=NC3=CC=C(C=C32)OC)C4=CC=C(C=C4)NC(=O)NC5=CC=C(C=C5)C(F)(F)F,Kinase Inhibitor,4
CHEMBL1001371,Analog_1371,CN(C)C(=O)C1=CC=C(C=C1)NC(=O)C2=CC=C(C=C2)NC3=NC=CC(=N3)C4=CN=CC=C4,Kinase Inhibitor,4
CHEMBL1001372,Analog_1372,CC1=C(C(=CC=C1)Cl)NC(=O)C2=CN=C(S2)NC3=CC(=NC(=N3)C)N4CCN(CC4)CCO,Kinase Inhibitor,4
CHEMBL1001373,Analog_1373,CC1=CC2=C(C=C1)N=C(C3=CC=C(C=C3)S(=O)(=O)NC(C)C)N(N2)C4=CC=CC=C4,Kinase Inhibitor,4
CHEMBL1001374,Analog_1374,CN1CCN(CC1)C2=CC=C(C=C2)NC3=NC=CC(=N3)C4=C(C5=C(C=CC=C5)N4)C6=CC=CC=C6,Kinase Inhibitor,4
CHEMBL1001375,Analog_1375,C1CC(C1)C2=CC(=C(C=C2)C3=C(C=C4C(=N3)C=CN4)C5=CC(=CC=C5)NS(=O)(=O)C)F,Kinase Inhibitor,4
CHEMBL1001376,Analog_1376,CC(C)(C)C1=NC(=C(S1)C2=CC(=NC(=N2)C3=CC=CC(=C3)F)C4=CC(=CC=C4)NS(=O)(=O)C)C5=CC=CC=C5,Kinase Inhibitor,4
CHEMBL1001377,Analog_1377,CC1=C(C=C(C=C1)F)C(=O)NC2=CC=C(C=C2)C3=C(C=C4C(=N3)C=CN4)C5=CC(=CC=C5)S(=O)(=O)N,Kinase Inhibitor,4
CHEMBL1001378,Analog_1378,CC1=C(C=C(C=C1)NC(=O)C2=CC=C(C=C2)CN3CCN(CC3)C)NC4=NC=CC(=N4)C5=CN=CC=C5C,Kinase Inhibitor,4
CHEMBL1001379,Analog_1379,COC1=C(C=C2C(=C1)N(C=N2)C3CCN(CC3)C(=O)C=C)NC4=CC(=C(C=C4)F)ClC,Kinase Inhibitor,4
CHEMBL1001380,Analog_1380,CS(=O)(=O)CCNHCC1=CC=C(C=C1)C2=NC(=C(N2)C3=C4C=CNC4=NC=N3)C5=C(C=CC(=C5)O)OC,Kinase Inhibitor,4
CHEMBL1001381,Analog_1381,COCCOC1=C(C=C2C(=C1)N(C=N2)C3=CC(=C(C=C3)C#C)NC(=O)C=C)OCC,Kinase Inhibitor,4
CHEMBL1001382,Analog_1382,CN1CCN(CC1)CC2=CC3=C(C=C2)N=CN=C3NC4=CC(=C(C=C4)F)ClC,Kinase Inhibitor,4
CHEMBL1001383,Analog_1383,CC(C)C1=NC(=C(N1)C2=NC=NC3=CC=C(C=C32)OC)C4=CC=C(C=C4)NC(=O)NC5=CC=C(C=C5)C(F)(F)FC,Kinase Inhibitor,4
CHEMBL1001384,Analog_1384,CN(C)C(=O)C1=CC=C(C=C1)NC(=O)C2=CC=C(C=C2)NC3=NC=CC(=N3)C4=CN=CC=C4C,Kinase Inhibitor,4
CHEMBL1001385,Analog_1385,CC1=C(C(=CC=C1)Cl)NC(=O)C2=CN=C(S2)NC3=CC(=NC(=N3)C)N4CCN(CC4)CCOC,Kinase Inhibitor,4
CHEMBL1001386,Analog_1386,CC1=CC2=C(C=C1)N=C(C3=CC=C(C=C3)S(=O)(=O)NC(C)C)N(N2)C4=CC=CC=C4C,Kinase Inhibitor,4
CHEMBL1001387,Analog_1387,CN1CCN(CC1)C2=CC=C(C=C2)NC3=NC=CC(=N3)C4=C(C5=C(C=CC=C5)N4)C6=CC=CC=C6C,Kinase Inhibitor,4
CHEMBL1001388,Analog_1388,C1CC(C1)C2=CC(=C(C=C2)C3=C(C=C4C(=N3)C=CN4)C5=CC(=CC=C5)NS(=O)(=O)C)FC,Kinase Inhibitor,4
CHEMBL1001389,Analog_1389,CC(C)(C)C1=NC(=C(S1)C2=CC(=NC(=N2)C3=CC=CC(=C3)F)C4=CC(=CC=C4)NS(=O)(=O)C)C5=CC=CC=C5C,Kinase Inhibitor,4
CHEMBL1001390,Analog_1390,CC1=C(C=C(C=C1)F)C(=O)NC2=CC=C(C=C2)C3=C(C=C4C(=N3)C=CN4)C5=CC(=CC=C5)S(=O)(=O)NC,Kinase Inhibitor,4
CHEMBL1001391,Analog_1391,CC1=C(C=C(C=C1)NC(=O)C2=CC=C(C=C2)CN3CCN(CC3)C)NC4=NC=CC(=N4)C5=CN=CC=C5CC,Kinase Inhibitor,4
CHEMBL1001392,Analog_1392,COC1=C(C=C2C(=C1)N(C=N2)C3CCN(CC3)C(=O)C=C)NC4=CC(=C(C=C4)F)ClCC,Kinase Inhibitor,4
CHEMBL1001393,Analog_1393,CS(=O)(=O)CCNHCC1=CC=C(C=C1)C2=NC(=C(N2)C3=C4C=CNC4=NC=N3)C5=C(C=CC(=C5)O)OCC,Kinase Inhibitor,4
CHEMBL1001394,Analog_1394,COCCOC1=C(C=C2C(=C1)N(C=N2)C3=CC(=C(C=C3)C#C)NC(=O)C=C)OCCC,Kinase Inhibitor,4
CHEMBL1001395,Analog_1395,CN1CCN(CC1)CC2=CC3=C(C=C2)N=CN=C3NC4=CC(=C(C=C4)F)ClCC,Kinase Inhibitor,4
CHEMBL1001396,Analog_1396,CC(C)C1=NC(=C(N1)C2=NC=NC3=CC=C(C=C32)OC)C4=CC=C(C=C4)NC(=O)NC5=CC=C(C=C5)C(F)(F)FCC,Kinase Inhibitor,4
CHEMBL1001397,Analog_1397,CN(C)C(=O)C1=CC=C(C=C1)NC(=O)C2=CC=C(C=C2)NC3=NC=CC(=N3)C4=CN=CC=C4CC,Kinase Inhibitor,4
CHEMBL1001398,Analog_1398,CC1=C(C(=CC=C1)Cl)NC(=O)C2=CN=C(S2)NC3=CC(=NC(=N3)C)N4CCN(CC4)CCOCC,Kinase Inhibitor,4
CHEMBL1001399,Analog_1399,CC1=CC2=C(C=C1)N=C(C3=CC=C(C=C3)S(=O)(=O)NC(C)C)N(N2)C4=CC=CC=C4CC,Kinase Inhibitor,4
CHEMBL1001400,Analog_1400,CN1CCN(CC1)C2=CC=C(C=C2)NC3=NC=CC(=N3)C4=C(C5=C(C=CC=C5)N4)C6=CC=CC=C6CC,Kinase Inhibitor,4
CHEMBL1001401,Analog_1401,C1CC(C1)C2=CC(=C(C=C2)C3=C(C=C4C(=N3)C=CN4)C5=CC(=CC=C5)NS(=O)(=O)C)FCC,Kinase Inhibitor,4
CHEMBL1001402,Analog_1402,CC(C)(C)C1=NC(=C(S1)C2=CC(=NC(=N2)C3=CC=CC(=C3)F)C4=CC(=CC=C4)NS(=O)(=O)C)C5=CC=CC=C5CC,Kinase Inhibitor,4
CHEMBL1001403,Analog_1403,CC1=C(C=C(C=C1)F)C(=O)NC2=CC=C(C=C2)C3=C(C=C4C(=N3)C=CN4)C5=CC(=CC=C5)S(=O)(=O)NCC,Kinase Inhibitor,4
CHEMBL1001404,Analog_1404,CC1=C(C=C(C=C1)NC(=O)C2=CC=C(C=C2)CN3CCN(CC3)C)NC4=NC=CC(=N4)C5=CN=CC=C5CCC,Kinase Inhibitor,4
CHEMBL1001405,Analog_1405,COC1=C(C=C2C(=C1)N(C=N2)C3CCN(CC3)C(=O)C=C)NC4=CC(=C(C=C4)F)ClCCC,Kinase Inhibitor,4
CHEMBL1001406,Analog_1406,CS(=O)(=O)CCNHCC1=CC=C(C=C1)C2=NC(=C(N2)C3=C4C=CNC4=NC=N3)C5=C(C=CC(=C5)O)OCCC,Kinase Inhibitor,4
CHEMBL1001407,Analog_1407,COCCOC1=C(C=C2C(=C1)N(C=N2)C3=CC(=C(C=C3)C#C)NC(=O)C=C)OCCCC,Kinase Inhibitor,4
CHEMBL1001408,Analog_1408,CN1CCN(CC1)CC2=CC3=C(C=C2)N=CN=C3NC4=CC(=C(C=C4)F)ClCCC,Kinase Inhibitor,4
CHEMBL1001409,Analog_1409,CC(C)C1=NC(=C(N1)C2=NC=NC3=CC=C(C=C32)OC)C4=CC=C(C=C4)NC(=O)NC5=CC=C(C=C5)C(F)(F)FCCC,Kinase Inhibitor,4
CHEMBL1001410,Analog_1410,CN(C)C(=O)C1=CC=C(C=C1)NC(=O)C2=CC=C(C=C2)NC3=NC=CC(=N3)C4=CN=CC=C4CCC,Kinase Inhibitor,4
CHEMBL1001411,Analog_1411,CC1=C(C(=CC=C1)Cl)NC(=O)C2=CN=C(S2)NC3=CC(=NC(=N3)C)N4CCN(CC4)CCOCCC,Kinase Inhibitor,4
CHEMBL1001412,Analog_1412,CC1=CC2=C(C=C1)N=C(C3=CC=C(C=C3)S(=O)(=O)NC(C)C)N(N2)C4=CC=CC=C4CCC,Kinase Inhibitor,4
CHEMBL1001413,Analog_1413,CN1CCN(CC1)C2=CC=C(C=C2)NC3=NC=CC(=N3)C4=C(C5=C(C=CC=C5)N4)C6=CC=CC=C6CCC,Kinase Inhibitor,4
CHEMBL1001414,Analog_1414,C1CC(C1)C2=CC(=C(C=C2)C3=C(C=C4C(=N3)C=CN4)C5=CC(=CC=C5)NS(=O)(=O)C)FCCC,Kinase Inhibitor,4
CHEMBL1001415,Analog_1415,CC(C)(C)C1=NC(=C(S1)C2=CC(=NC(=N2)C3=CC=CC(=C3)F)C4=CC(=CC=C4)NS(=O)(=O)C)C5=CC=CC=C5CCC,Kinase Inhibitor,4
CHEMBL1001416,Analog_1416,CC1=C(C=C(C=C1)F)C(=O)NC2=CC=C(C=C2)C3=C(C=C4C(=N3)C=CN4)C5=CC(=CC=C5)S(=O)(=O)NCCC,Kinase Inhibitor,4
CHEMBL1001417,Analog_1417,CC1=C(C=C(C=C1)NC(=O)C2=CC=C(C=C2)CN3CCN(CC3)C)NC4=NC=CC(=N4)C5=CN=CC=C5CCCC,Kinase Inhibitor,4
CHEMBL1001418,Analog_1418,COC1=C(C=C2C(=C1)N(C=N2)C3CCN(CC3)C(=O)C=C)NC4=CC(=C(C=C4)F)ClCCCC,Kinase Inhibitor,4
CHEMBL1001419,Analog_1419,CS(=O)(=O)CCNHCC1=CC=C(C=C1)C2=NC(=C(N2)C3=C4C=CNC4=NC=N3)C5=C(C=CC(=C5)O)OCCCC,Kinase Inhibitor,4
CHEMBL1001420,Analog_1420,COCCOC1=C(C=C2C(=C1)N(C=N2)C3=CC(=C(C=C3)C#C)NC(=O)C=C)OCCCCC,Kinase Inhibitor,4
CHEMBL1001421,Analog_1421,CN1CCN(CC1)CC2=CC3=C(C=C2)N=CN=C3NC4=CC(=C(C=C4)F)ClCCCC,Kinase Inhibitor,4
CHEMBL1001422,Analog_1422,CC(C)C1=NC(=C(N1)C2=NC=NC3=CC=C(C=C32)OC)C4=CC=C(C=C4)NC(=O)NC5=CC=C(C=C5)C(F)(F)FCCCC,Kinase Inhibitor,4
CHEMBL1001423,Analog_1423,CN(C)C(=O)C1=CC=C(C=C1)NC(=O)C2=CC=C(C=C2)NC3=NC=CC(=N3)C4=CN=CC=C4CCCC,Kinase Inhibitor,4
CHEMBL1001424,Analog_1424,CC1=C(C(=CC=C1)Cl)NC(=O)C2=CN=C(S2)NC3=CC(=NC(=N3)C)N4CCN(CC4)CCOCCCC,Kinase Inhibitor,4
CHEMBL1001425,Analog_1425,CC1=CC2=C(C=C1)N=C(C3=CC=C(C=C3)S(=O)(=O)NC(C)C)N(N2)C4=CC=CC=C4CCCC,Kinase Inhibitor,4
CHEMBL1001426,Analog_1426,CN1CCN(CC1)C2=CC=C(C=C2)NC3=NC=CC(=N3)C4=C(C5=C(C=CC=C5)N4)C6=CC=CC=C6CCCC,Kinase Inhibitor,4
CHEMBL1001427,Analog_1427,C1CC(C1)C2=CC(=C(C=C2)C3=C(C=C4C(=N3)C=CN4)C5=CC(=CC=C5)NS(=O)(=O)C)FCCCC,Kinase Inhibitor,4
CHEMBL1001428,Analog_1428,CC(C)(C)C1=NC(=C(S1)C2=CC(=NC(=N2)C3=CC=CC(=C3)F)C4=CC(=CC=C4)NS(=O)(=O)C)C5=CC=CC=C5CCCC,Kinase Inhibitor,4
CHEMBL1001429,Analog_1429,CC1=C(C=C(C=C1)F)C(=O)NC2=CC=C(C=C2)C3=C(C=C4C(=N3)C=CN4)C5=CC(=CC=C5)S(=O)(=O)NCCCC,Kinase Inhibitor,4
CHEMBL1001430,Analog_1430,CC1=C(C=C(C=C1)NC(=O)C2=CC=C(C=C2)CN3CCN(CC3)C)NC4=NC=CC(=N4)C5=CN=CC=C5,Kinase Inhibitor,4
CHEMBL1001431,Analog_1431,COC1=C(C=C2C(=C1)N(C=N2)C3CCN(CC3)C(=O)C=C)NC4=CC(=C(C=C4)F)Cl,Kinase Inhibitor,4
CHEMBL1001432,Analog_1432,CS(=O)(=O)CCNHCC1=CC=C(C=C1)C2=NC(=C(N2)C3=C4C=CNC4=NC=N3)C5=C(C=CC(=C5)O)O,Kinase Inhibitor,4
CHEMBL1001433,Analog_1433,COCCOC1=C(C=C2C(=C1)N(C=N2)C3=CC(=C(C=C3)C#C)NC(=O)C=C)OC,Kinase Inhibitor,4
CHEMBL1001434,Analog_1434,CN1CCN(CC1)CC2=CC3=C(C=C2)N=CN=C3NC4=CC(=C(C=C4)F)Cl,Kinase Inhibitor,4
CHEMBL1001435,Analog_1435,CC(C)C1=NC(=C(N1)C2=NC=NC3=CC=C(C=C32)OC)C4=CC=C(C=C4)NC(=O)NC5=CC=C(C=C5)C(F)(F)F,Kinase Inhibitor,4
CHEMBL1001436,Analog_1436,CN(C)C(=O)C1=CC=C(C=C1)NC(=O)C2=CC=C(C=C2)NC3=NC=CC(=N3)C4=CN=CC=C4,Kinase Inhibitor,4
CHEMBL1001437,Analog_1437,CC1=C(C(=CC=C1)Cl)NC(=O)C2=CN=C(S2)NC3=CC(=NC(=N3)C)N4CCN(CC4)CCO,Kinase Inhibitor,4
CHEMBL1001438,Analog_1438,CC1=CC2=C(C=C1)N=C(C3=CC=C(C=C3)S(=O)(=O)NC(C)C)N(N2)C4=CC=CC=C4,Kinase Inhibitor,4
CHEMBL1001439,Analog_1439,CN1CCN(CC1)C2=CC=C(C=C2)NC3=NC=CC(=N3)C4=C(C5=C(C=CC=C5)N4)C6=CC=CC=C6,Kinase Inhibitor,4
CHEMBL1001440,Analog_1440,C1CC(C1)C2=CC(=C(C=C2)C3=C(C=C4C(=N3)C=CN4)C5=CC(=CC=C5)NS(=O)(=O)C)F,Kinase Inhibitor,4
CHEMBL1001441,Analog_1441,CC(C)(C)C1=NC(=C(S1)C2=CC(=NC(=N2)C3=CC=CC(=C3)F)C4=CC(=CC=C4)NS(=O)(=O)C)C5=CC=CC=C5,Kinase Inhibitor,4
CHEMBL1001442,Analog_1442,CC1=C(C=C(C=C1)F)C(=O)NC2=CC=C(C=C2)C3=C(C=C4C(=N3)C=CN4)C5=CC(=CC=C5)S(=O)(=O)N,Kinase Inhibitor,4
CHEMBL1001443,Analog_1443,CC1=C(C=C(C=C1)NC(=O)C2=CC=C(C=C2)CN3CCN(CC3)C)NC4=NC=CC(=N4)C5=CN=CC=C5C,Kinase Inhibitor,4
CHEMBL1001444,Analog_1444,COC1=C(C=C2C(=C1)N(C=N2)C3CCN(CC3)C(=O)C=C)NC4=CC(=C(C=C4)F)ClC,Kinase Inhibitor,4
CHEMBL1001445,Analog_1445,CS(=O)(=O)CCNHCC1=CC=C(C=C1)C2=NC(=C(N2)C3=C4C=CNC4=NC=N3)C5=C(C=CC(=C5)O)OC,Kinase Inhibitor,4
CHEMBL1001446,Analog_1446,COCCOC1=C(C=C2C(=C1)N(C=N2)C3=CC(=C(C=C3)C#C)NC(=O)C=C)OCC,Kinase Inhibitor,4
CHEMBL1001447,Analog_1447,CN1CCN(CC1)CC2=CC3=C(C=C2)N=CN=C3NC4=CC(=C(C=C4)F)ClC,Kinase Inhibitor,4
CHEMBL1001448,Analog_1448,CC(C)C1=NC(=C(N1)C2=NC=NC3=CC=C(C=C32)OC)C4=CC=C(C=C4)NC(=O)NC5=CC=C(C=C5)C(F)(F)FC,Kinase Inhibitor,4
CHEMBL1001449,Analog_1449,CN(C)C(=O)C1=CC=C(C=C1)NC(=O)C2=CC=C(C=C2)NC3=NC=CC(=N3)C4=CN=CC=C4C,Kinase Inhibitor,4
CHEMBL1001450,Analog_1450,CC1=C(C(=CC=C1)Cl)NC(=O)C2=CN=C(S2)NC3=CC(=NC(=N3)C)N4CCN(CC4)CCOC,Kinase Inhibitor,4
CHEMBL1001451,Analog_1451,CC1=CC2=C(C=C1)N=C(C3=CC=C(C=C3)S(=O)(=O)NC(C)C)N(N2)C4=CC=CC=C4C,Kinase Inhibitor,4
CHEMBL1001452,Analog_1452,CN1CCN(CC1)C2=CC=C(C=C2)NC3=NC=CC(=N3)C4=C(C5=C(C=CC=C5)N4)C6=CC=CC=C6C,Kinase Inhibitor,4
CHEMBL1001453,Analog_1453,C1CC(C1)C2=CC(=C(C=C2)C3=C(C=C4C(=N3)C=CN4)C5=CC(=CC=C5)NS(=O)(=O)C)FC,Kinase Inhibitor,4
CHEMBL1001454,Analog_1454,CC(C)(C)C1=NC(=C(S1)C2=CC(=NC(=N2)C3=CC=CC(=C3)F)C4=CC(=CC=C4)NS(=O)(=O)C)C5=CC=CC=C5C,Kinase Inhibitor,4
CHEMBL1001455,Analog_1455,CC1=C(C=C(C=C1)F)C(=O)NC2=CC=C(C=C2)C3=C(C=C4C(=N3)C=CN4)C5=CC(=CC=C5)S(=O)(=O)NC,Kinase Inhibitor,4
CHEMBL1001456,Analog_1456,CC1=C(C=C(C=C1)NC(=O)C2=CC=C(C=C2)CN3CCN(CC3)C)NC4=NC=CC(=N4)C5=CN=CC=C5CC,Kinase Inhibitor,4
CHEMBL1001457,Analog_1457,COC1=C(C=C2C(=C1)N(C=N2)C3CCN(CC3)C(=O)C=C)NC4=CC(=C(C=C4)F)ClCC,Kinase Inhibitor,4
CHEMBL1001458,Analog_1458,CS(=O)(=O)CCNHCC1=CC=C(C=C1)C2=NC(=C(N2)C3=C4C=CNC4=NC=N3)C5=C(C=CC(=C5)O)OCC,Kinase Inhibitor,4
CHEMBL1001459,Analog_1459,COCCOC1=C(C=C2C(=C1)N(C=N2)C3=CC(=C(C=C3)C#C)NC(=O)C=C)OCCC,Kinase Inhibitor,4
CHEMBL1001460,Analog_1460,CN1CCN(CC1)CC2=CC3=C(C=C2)N=CN=C3NC4=CC(=C(C=C4)F)ClCC,Kinase Inhibitor,4
CHEMBL1001461,Analog_1461,CC(C)C1=NC(=C(N1)C2=NC=NC3=CC=C(C=C32)OC)C4=CC=C(C=C4)NC(=O)NC5=CC=C(C=C5)C(F)(F)FCC,Kinase Inhibitor,4
CHEMBL1001462,Analog_1462,CN(C)C(=O)C1=CC=C(C=C1)NC(=O)C2=CC=C(C=C2)NC3=NC=CC(=N3)C4=CN=CC=C4CC,Kinase Inhibitor,4
CHEMBL1001463,Analog_1463,CC1=C(C(=CC=C1)Cl)NC(=O)C2=CN=C(S2)NC3=CC(=NC(=N3)C)N4CCN(CC4)CCOCC,Kinase Inhibitor,4
CHEMBL1001464,Analog_1464,CC1=CC2=C(C=C1)N=C(C3=CC=C(C=C3)S(=O)(=O)NC(C)C)N(N2)C4=CC=CC=C4CC,Kinase Inhibitor,4
CHEMBL1001465,Analog_1465,CN1CCN(CC1)C2=CC=C(C=C2)NC3=NC=CC(=N3)C4=C(C5=C(C=CC=C5)N4)C6=CC=CC=C6CC,Kinase Inhibitor,4
CHEMBL1001466,Analog_1466,C1CC(C1)C2=CC(=C(C=C2)C3=C(C=C4C(=N3)C=CN4)C5=CC(=CC=C5)NS(=O)(=O)C)FCC,Kinase Inhibitor,4
CHEMBL1001467,Analog_1467,CC(C)(C)C1=NC(=C(S1)C2=CC(=NC(=N2)C3=CC=CC(=C3)F)C4=CC(=CC=C4)NS(=O)(=O)C)C5=CC=CC=C5CC,Kinase Inhibitor,4
CHEMBL1001468,Analog_1468,CC1=C(C=C(C=C1)F)C(=O)NC2=CC=C(C=C2)C3=C(C=C4C(=N3)C=CN4)C5=CC(=CC=C5)S(=O)(=O)NCC,Kinase Inhibitor,4
CHEMBL1001469,Analog_1469,CC1=C(C=C(C=C1)NC(=O)C2=CC=C(C=C2)CN3CCN(CC3)C)NC4=NC=CC(=N4)C5=CN=CC=C5CCC,Kinase Inhibitor,4
CHEMBL1001470,Analog_1470,COC1=C(C=C2C(=C1)N(C=N2)C3CCN(CC3)C(=O)C=C)NC4=CC(=C(C=C4)F)ClCCC,Kinase Inhibitor,4
CHEMBL1001471,Analog_1471,CS(=O)(=O)CCNHCC1=CC=C(C=C1)C2=NC(=C(N2)C3=C4C=CNC4=NC=N3)C5=C(C=CC(=C5)O)OCCC,Kinase Inhibitor,4
CHEMBL1001472,Analog_1472,COCCOC1=C(C=C2C(=C1)N(C=N2)C3=CC(=C(C=C3)C#C)NC(=O)C=C)OCCCC,Kinase Inhibitor,4
CHEMBL1001473,Analog_1473,CN1CCN(CC1)CC2=CC3=C(C=C2)N=CN=C3NC4=CC(=C(C=C4)F)ClCCC,Kinase Inhibitor,4
CHEMBL1001474,Analog_1474,CC(C)C1=NC(=C(N1)C2=NC=NC3=CC=C(C=C32)OC)C4=CC=C(C=C4)NC(=O)NC5=CC=C(C=C5)C(F)(F)FCCC,Kinase Inhibitor,4
CHEMBL1001475,Analog_1475,CN(C)C(=O)C1=CC=C(C=C1)NC(=O)C2=CC=C(C=C2)NC3=NC=CC(=N3)C4=CN=CC=C4CCC,Kinase Inhibitor,4
CHEMBL1001476,Analog_1476,CC1=C(C(=CC=C1)Cl)NC(=O)C2=CN=C(S2)NC3=CC(=NC(=N3)C)N4CCN(CC4)CCOCCC,Kinase Inhibitor,4
CHEMBL1001477,Analog_1477,CC1=CC2=C(C=C1)N=C(C3=CC=C(C=C3)S(=O)(=O)NC(C)C)N(N2)C4=CC=CC=C4CCC,Kinase Inhibitor,4
CHEMBL1001478,Analog_1478,CN1CCN(CC1)C2=CC=C(C=C2)NC3=NC=CC(=N3)C4=C(C5=C(C=CC=C5)N4)C6=CC=CC=C6CCC,Kinase Inhibitor,4
CHEMBL1001479,Analog_1479,C1CC(C1)C2=CC(=C(C=C2)C3=C(C=C4C(=N3)C=CN4)C5=CC(=CC=C5)NS(=O)(=O)C)FCCC,Kinase Inhibitor,4
CHEMBL1001480,Analog_1480,CC(C)(C)C1=NC(=C(S1)C2=CC(=NC(=N2)C3=CC=CC(=C3)F)C4=CC(=CC=C4)NS(=O)(=O)C)C5=CC=CC=C5CCC,Kinase Inhibitor,4
CHEMBL1001481,Analog_1481,CC1=C(C=C(C=C1)F)C(=O)NC2=CC=C(C=C2)C3=C(C=C4C(=N3)C=CN4)C5=CC(=CC=C5)S(=O)(=O)NCCC,Kinase Inhibitor,4
CHEMBL1001482,Analog_1482,CC1=C(C=C(C=C1)NC(=O)C2=CC=C(C=C2)CN3CCN(CC3)C)NC4=NC=CC(=N4)C5=CN=CC=C5CCCC,Kinase Inhibitor,4
CHEMBL1001483,Analog_1483,COC1=C(C=C2C(=C1)N(C=N2)C3CCN(CC3)C(=O)C=C)NC4=CC(=C(C=C4)F)ClCCCC,Kinase Inhibitor,4
CHEMBL1001484,Analog_1484,CS(=O)(=O)CCNHCC1=CC=C(C=C1)C2=NC(=C(N2)C3=C4C=CNC4=NC=N3)C5=C(C=CC(=C5)O)OCCCC,Kinase Inhibitor,4
CHEMBL1001485,Analog_1485,COCCOC1=C(C=C2C(=C1)N(C=N2)C3=CC(=C(C=C3)C#C)NC(=O)C=C)OCCCCC,Kinase Inhibitor,4
CHEMBL1001486,Analog_1486,CN1CCN(CC1)CC2=CC3=C(C=C2)N=CN=C3NC4=CC(=C(C=C4)F)ClCCCC,Kinase Inhibitor,4
CHEMBL1001487,Analog_1487,CC(C)C1=NC(=C(N1)C2=NC=NC3=CC=C(C=C32)OC)C4=CC=C(C=C4)NC(=O)NC5=CC=C(C=C5)C(F)(F)FCCCC,Kinase Inhibitor,4
CHEMBL1001488,Analog_1488,CN(C)C(=O)C1=CC=C(C=C1)NC(=O)C2=CC=C(C=C2)NC3=NC=CC(=N3)C4=CN=CC=C4CCCC,Kinase Inhibitor,4
CHEMBL1001489,Analog_1489,CC1=C(C(=CC=C1)Cl)NC(=O)C2=CN=C(S2)NC3=CC(=NC(=N3)C)N4CCN(CC4)CCOCCCC,Kinase Inhibitor,4
CHEMBL1001490,Analog_1490,CC1=CC2=C(C=C1)N=C(C3=CC=C(C=C3)S(=O)(=O)NC(C)C)N(N2)C4=CC=CC=C4CCCC,Kinase Inhibitor,4
CHEMBL1001491,Analog_1491,CN1CCN(CC1)C2=CC=C(C=C2)NC3=NC=CC(=N3)C4=C(C5=C(C=CC=C5)N4)C6=CC=CC=C6CCCC,Kinase Inhibitor,4
CHEMBL1001492,Analog_1492,C1CC(C1)C2=CC(=C(C=C2)C3=C(C=C4C(=N3)C=CN4)C5=CC(=CC=C5)NS(=O)(=O)C)FCCCC,Kinase Inhibitor,4
CHEMBL1001493,Analog_1493,CC(C)(C)C1=NC(=C(S1)C2=CC(=NC(=N2)C3=CC=CC(=C3)F)C4=CC(=CC=C4)NS(=O)(=O)C)C5=CC=CC=C5CCCC,Kinase Inhibitor,4
CHEMBL1001494,Analog_1494,CC1=C(C=C(C=C1)F)C(=O)NC2=CC=C(C=C2)C3=C(C=C4C(=N3)C=CN4)C5=CC(=CC=C5)S(=O)(=O)NCCCC,Kinase Inhibitor,4
CHEMBL1001495,Analog_1495,CC1=C(C=C(C=C1)NC(=O)C2=CC=C(C=C2)CN3CCN(CC3)C)NC4=NC=CC(=N4)C5=CN=CC=C5,Kinase Inhibitor,4
CHEMBL1001496,Analog_1496,COC1=C(C=C2C(=C1)N(C=N2)C3CCN(CC3)C(=O)C=C)NC4=CC(=C(C=C4)F)Cl,Kinase Inhibitor,4
CHEMBL1001497,Analog_1497,CS(=O)(=O)CCNHCC1=CC=C(C=C1)C2=NC(=C(N2)C3=C4C=CNC4=NC=N3)C5=C(C=CC(=C5)O)O,Kinase Inhibitor,4
CHEMBL1001498,Analog_1498,COCCOC1=C(C=C2C(=C1)N(C=N2)C3=CC(=C(C=C3)C#C)NC(=O)C=C)OC,Kinase Inhibitor,4
CHEMBL1001499,Analog_1499,CN1CCN(CC1)CC2=CC3=C(C=C2)N=CN=C3NC4=CC(=C(C=C4)F)Cl,Kinase Inhibitor,4
